16:17:26 DEBUG : Logs will be stored at 'C:/Users/bmg32/ECE_385_lab6_2/ECE_385_lab6_2.sdk/IDE.log'.
16:17:30 INFO  : Launching XSCT server: xsct.bat -n  -interactive C:\Users\bmg32\ECE_385_lab6_2\ECE_385_lab6_2.sdk\temp_xsdb_launch_script.tcl
16:17:31 INFO  : Registering command handlers for Vitis TCF services
16:17:32 INFO  : Platform repository initialization has completed.
16:17:34 INFO  : XSCT server has started successfully.
16:17:35 INFO  : plnx-install-location is set to ''
16:17:35 INFO  : Successfully done setting XSCT server connection channel  
16:17:35 INFO  : Successfully done query RDI_DATADIR 
16:17:35 INFO  : Successfully done setting workspace for the tool. 
16:19:25 INFO  : Result from executing command 'getProjects': mb_usb_hdmi_top
16:19:25 INFO  : Result from executing command 'getPlatforms': xilinx_vck190_base_202220_1|C:/Xilinx/Vitis/2022.2/base_platforms/xilinx_vck190_base_202220_1/xilinx_vck190_base_202220_1.xpfm;xilinx_vck190_base_dfx_202220_1|C:/Xilinx/Vitis/2022.2/base_platforms/xilinx_vck190_base_dfx_202220_1/xilinx_vck190_base_dfx_202220_1.xpfm;xilinx_vmk180_base_202220_1|C:/Xilinx/Vitis/2022.2/base_platforms/xilinx_vmk180_base_202220_1/xilinx_vmk180_base_202220_1.xpfm;xilinx_zcu102_base_202220_1|C:/Xilinx/Vitis/2022.2/base_platforms/xilinx_zcu102_base_202220_1/xilinx_zcu102_base_202220_1.xpfm;xilinx_zcu102_base_dfx_202220_1|C:/Xilinx/Vitis/2022.2/base_platforms/xilinx_zcu102_base_dfx_202220_1/xilinx_zcu102_base_dfx_202220_1.xpfm;xilinx_zcu104_base_202220_1|C:/Xilinx/Vitis/2022.2/base_platforms/xilinx_zcu104_base_202220_1/xilinx_zcu104_base_202220_1.xpfm
16:19:26 WARN  : An unexpected exception occurred in the module 'platform project logging'
16:19:27 INFO  : Platform 'mb_usb_hdmi_top' is added to custom repositories.
16:19:32 INFO  : Platform 'mb_usb_hdmi_top' is added to custom repositories.
16:31:14 INFO  : Result from executing command 'getProjects': mb_usb_hdmi_top
16:31:14 INFO  : Result from executing command 'getPlatforms': mb_usb_hdmi_top|C:/Users/bmg32/ECE_385_lab6_2/ECE_385_lab6_2.sdk/mb_usb_hdmi_top/export/mb_usb_hdmi_top/mb_usb_hdmi_top.xpfm;xilinx_vck190_base_202220_1|C:/Xilinx/Vitis/2022.2/base_platforms/xilinx_vck190_base_202220_1/xilinx_vck190_base_202220_1.xpfm;xilinx_vck190_base_dfx_202220_1|C:/Xilinx/Vitis/2022.2/base_platforms/xilinx_vck190_base_dfx_202220_1/xilinx_vck190_base_dfx_202220_1.xpfm;xilinx_vmk180_base_202220_1|C:/Xilinx/Vitis/2022.2/base_platforms/xilinx_vmk180_base_202220_1/xilinx_vmk180_base_202220_1.xpfm;xilinx_zcu102_base_202220_1|C:/Xilinx/Vitis/2022.2/base_platforms/xilinx_zcu102_base_202220_1/xilinx_zcu102_base_202220_1.xpfm;xilinx_zcu102_base_dfx_202220_1|C:/Xilinx/Vitis/2022.2/base_platforms/xilinx_zcu102_base_dfx_202220_1/xilinx_zcu102_base_dfx_202220_1.xpfm;xilinx_zcu104_base_202220_1|C:/Xilinx/Vitis/2022.2/base_platforms/xilinx_zcu104_base_202220_1/xilinx_zcu104_base_202220_1.xpfm
16:31:16 INFO  : Checking for BSP changes to sync application flags for project 'ECE_385_lab6_2_vitis'...
16:32:55 INFO  : Connected to target on host '127.0.0.1' and port '3121'.
16:32:55 INFO  : Jtag cable 'RealDigital Boo 887100000002A' is selected.
16:32:55 INFO  : 'jtag frequency' command is executed.
16:32:55 INFO  : 'targets -set -filter {jtag_cable_name =~ "RealDigital Boo 887100000002A" && level==0 && jtag_device_ctx=="jsn1-0362f093-0"}' command is executed.
16:32:57 INFO  : Device configured successfully with "C:/Users/bmg32/ECE_385_lab6_2/ECE_385_lab6_2.sdk/ECE_385_lab6_2_vitis/_ide/bitstream/mb_usb_hdmi_top.bit"
16:32:57 INFO  : Context for processor 'microblaze_0' is selected.
16:32:57 INFO  : Hardware design and registers information is loaded from 'C:/Users/bmg32/ECE_385_lab6_2/ECE_385_lab6_2.sdk/mb_usb_hdmi_top/export/mb_usb_hdmi_top/hw/mb_usb_hdmi_top.xsa'.
16:32:57 INFO  : 'configparams mdm-detect-bscan-mask 2' command is executed.
16:32:57 INFO  : Context for processor 'microblaze_0' is selected.
16:32:57 INFO  : System reset is completed.
16:33:00 INFO  : 'after 3000' command is executed.
16:33:00 INFO  : Context for processor 'microblaze_0' is selected.
16:33:00 INFO  : The application 'C:/Users/bmg32/ECE_385_lab6_2/ECE_385_lab6_2.sdk/ECE_385_lab6_2_vitis/Debug/ECE_385_lab6_2_vitis.elf' is downloaded to processor 'microblaze_0'.
16:33:00 INFO  : ----------------XSDB Script----------------
connect -url tcp:127.0.0.1:3121
targets -set -filter {jtag_cable_name =~ "RealDigital Boo 887100000002A" && level==0 && jtag_device_ctx=="jsn1-0362f093-0"}
fpga -file C:/Users/bmg32/ECE_385_lab6_2/ECE_385_lab6_2.sdk/ECE_385_lab6_2_vitis/_ide/bitstream/mb_usb_hdmi_top.bit
targets -set -nocase -filter {name =~ "*microblaze*#0" && bscan=="USER2" }
loadhw -hw C:/Users/bmg32/ECE_385_lab6_2/ECE_385_lab6_2.sdk/mb_usb_hdmi_top/export/mb_usb_hdmi_top/hw/mb_usb_hdmi_top.xsa -regs
configparams mdm-detect-bscan-mask 2
targets -set -nocase -filter {name =~ "*microblaze*#0" && bscan=="USER2" }
rst -system
after 3000
targets -set -nocase -filter {name =~ "*microblaze*#0" && bscan=="USER2" }
dow C:/Users/bmg32/ECE_385_lab6_2/ECE_385_lab6_2.sdk/ECE_385_lab6_2_vitis/Debug/ECE_385_lab6_2_vitis.elf
----------------End of Script----------------

16:33:01 INFO  : Context for processor 'microblaze_0' is selected.
16:33:01 INFO  : 'con' command is executed.
16:33:01 INFO  : ----------------XSDB Script (After Launch)----------------
targets -set -nocase -filter {name =~ "*microblaze*#0" && bscan=="USER2" }
con
----------------End of Script----------------

16:33:01 INFO  : Disconnected from the channel tcfchan#2.
16:34:29 INFO  : Checking for BSP changes to sync application flags for project 'ECE_385_lab6_2_vitis'...
16:34:41 INFO  : Connected to target on host '127.0.0.1' and port '3121'.
16:34:42 INFO  : Jtag cable 'RealDigital Boo 887100000002A' is selected.
16:34:42 INFO  : 'jtag frequency' command is executed.
16:34:42 INFO  : 'targets -set -filter {jtag_cable_name =~ "RealDigital Boo 887100000002A" && level==0 && jtag_device_ctx=="jsn1-0362f093-0"}' command is executed.
16:34:43 INFO  : Device configured successfully with "C:/Users/bmg32/ECE_385_lab6_2/ECE_385_lab6_2.sdk/ECE_385_lab6_2_vitis/_ide/bitstream/mb_usb_hdmi_top.bit"
16:34:43 INFO  : Context for processor 'microblaze_0' is selected.
16:34:43 INFO  : Hardware design and registers information is loaded from 'C:/Users/bmg32/ECE_385_lab6_2/ECE_385_lab6_2.sdk/mb_usb_hdmi_top/export/mb_usb_hdmi_top/hw/mb_usb_hdmi_top.xsa'.
16:34:43 INFO  : 'configparams mdm-detect-bscan-mask 2' command is executed.
16:34:43 INFO  : Context for processor 'microblaze_0' is selected.
16:34:43 INFO  : System reset is completed.
16:34:46 INFO  : 'after 3000' command is executed.
16:34:46 INFO  : Context for processor 'microblaze_0' is selected.
16:34:47 INFO  : The application 'C:/Users/bmg32/ECE_385_lab6_2/ECE_385_lab6_2.sdk/ECE_385_lab6_2_vitis/Debug/ECE_385_lab6_2_vitis.elf' is downloaded to processor 'microblaze_0'.
16:34:47 INFO  : ----------------XSDB Script----------------
connect -url tcp:127.0.0.1:3121
targets -set -filter {jtag_cable_name =~ "RealDigital Boo 887100000002A" && level==0 && jtag_device_ctx=="jsn1-0362f093-0"}
fpga -file C:/Users/bmg32/ECE_385_lab6_2/ECE_385_lab6_2.sdk/ECE_385_lab6_2_vitis/_ide/bitstream/mb_usb_hdmi_top.bit
targets -set -nocase -filter {name =~ "*microblaze*#0" && bscan=="USER2" }
loadhw -hw C:/Users/bmg32/ECE_385_lab6_2/ECE_385_lab6_2.sdk/mb_usb_hdmi_top/export/mb_usb_hdmi_top/hw/mb_usb_hdmi_top.xsa -regs
configparams mdm-detect-bscan-mask 2
targets -set -nocase -filter {name =~ "*microblaze*#0" && bscan=="USER2" }
rst -system
after 3000
targets -set -nocase -filter {name =~ "*microblaze*#0" && bscan=="USER2" }
dow C:/Users/bmg32/ECE_385_lab6_2/ECE_385_lab6_2.sdk/ECE_385_lab6_2_vitis/Debug/ECE_385_lab6_2_vitis.elf
----------------End of Script----------------

16:34:47 INFO  : Context for processor 'microblaze_0' is selected.
16:34:47 INFO  : 'con' command is executed.
16:34:47 INFO  : ----------------XSDB Script (After Launch)----------------
targets -set -nocase -filter {name =~ "*microblaze*#0" && bscan=="USER2" }
con
----------------End of Script----------------

16:34:47 INFO  : Disconnected from the channel tcfchan#3.
16:44:29 INFO  : Checking for BSP changes to sync application flags for project 'ECE_385_lab6_2_vitis'...
16:48:36 INFO  : Checking for BSP changes to sync application flags for project 'ECE_385_lab6_2_vitis'...
16:48:44 INFO  : Checking for BSP changes to sync application flags for project 'ECE_385_lab6_2_vitis'...
16:49:02 INFO  : Connected to target on host '127.0.0.1' and port '3121'.
16:49:02 INFO  : Jtag cable 'RealDigital Boo 887100000002A' is selected.
16:49:02 INFO  : 'jtag frequency' command is executed.
16:49:02 INFO  : 'targets -set -filter {jtag_cable_name =~ "RealDigital Boo 887100000002A" && level==0 && jtag_device_ctx=="jsn1-0362f093-0"}' command is executed.
16:49:03 INFO  : Device configured successfully with "C:/Users/bmg32/ECE_385_lab6_2/ECE_385_lab6_2.sdk/ECE_385_lab6_2_vitis/_ide/bitstream/mb_usb_hdmi_top.bit"
16:49:04 INFO  : Context for processor 'microblaze_0' is selected.
16:49:04 INFO  : Hardware design and registers information is loaded from 'C:/Users/bmg32/ECE_385_lab6_2/ECE_385_lab6_2.sdk/mb_usb_hdmi_top/export/mb_usb_hdmi_top/hw/mb_usb_hdmi_top.xsa'.
16:49:04 INFO  : 'configparams mdm-detect-bscan-mask 2' command is executed.
16:49:04 INFO  : Context for processor 'microblaze_0' is selected.
16:49:04 INFO  : System reset is completed.
16:49:07 INFO  : 'after 3000' command is executed.
16:49:07 INFO  : Context for processor 'microblaze_0' is selected.
16:49:07 INFO  : The application 'C:/Users/bmg32/ECE_385_lab6_2/ECE_385_lab6_2.sdk/ECE_385_lab6_2_vitis/Debug/ECE_385_lab6_2_vitis.elf' is downloaded to processor 'microblaze_0'.
16:49:07 INFO  : ----------------XSDB Script----------------
connect -url tcp:127.0.0.1:3121
targets -set -filter {jtag_cable_name =~ "RealDigital Boo 887100000002A" && level==0 && jtag_device_ctx=="jsn1-0362f093-0"}
fpga -file C:/Users/bmg32/ECE_385_lab6_2/ECE_385_lab6_2.sdk/ECE_385_lab6_2_vitis/_ide/bitstream/mb_usb_hdmi_top.bit
targets -set -nocase -filter {name =~ "*microblaze*#0" && bscan=="USER2" }
loadhw -hw C:/Users/bmg32/ECE_385_lab6_2/ECE_385_lab6_2.sdk/mb_usb_hdmi_top/export/mb_usb_hdmi_top/hw/mb_usb_hdmi_top.xsa -regs
configparams mdm-detect-bscan-mask 2
targets -set -nocase -filter {name =~ "*microblaze*#0" && bscan=="USER2" }
rst -system
after 3000
targets -set -nocase -filter {name =~ "*microblaze*#0" && bscan=="USER2" }
dow C:/Users/bmg32/ECE_385_lab6_2/ECE_385_lab6_2.sdk/ECE_385_lab6_2_vitis/Debug/ECE_385_lab6_2_vitis.elf
----------------End of Script----------------

16:49:07 INFO  : Context for processor 'microblaze_0' is selected.
16:49:07 INFO  : 'con' command is executed.
16:49:07 INFO  : ----------------XSDB Script (After Launch)----------------
targets -set -nocase -filter {name =~ "*microblaze*#0" && bscan=="USER2" }
con
----------------End of Script----------------

16:49:07 INFO  : Disconnected from the channel tcfchan#4.
16:55:32 INFO  : Checking for BSP changes to sync application flags for project 'ECE_385_lab6_2_vitis'...
16:55:41 INFO  : Connected to target on host '127.0.0.1' and port '3121'.
16:55:41 INFO  : Jtag cable 'RealDigital Boo 887100000002A' is selected.
16:55:41 INFO  : 'jtag frequency' command is executed.
16:55:42 INFO  : 'targets -set -filter {jtag_cable_name =~ "RealDigital Boo 887100000002A" && level==0 && jtag_device_ctx=="jsn1-0362f093-0"}' command is executed.
16:55:43 INFO  : Device configured successfully with "C:/Users/bmg32/ECE_385_lab6_2/ECE_385_lab6_2.sdk/ECE_385_lab6_2_vitis/_ide/bitstream/mb_usb_hdmi_top.bit"
16:55:43 INFO  : Context for processor 'microblaze_0' is selected.
16:55:43 INFO  : Hardware design and registers information is loaded from 'C:/Users/bmg32/ECE_385_lab6_2/ECE_385_lab6_2.sdk/mb_usb_hdmi_top/export/mb_usb_hdmi_top/hw/mb_usb_hdmi_top.xsa'.
16:55:43 INFO  : 'configparams mdm-detect-bscan-mask 2' command is executed.
16:55:43 INFO  : Context for processor 'microblaze_0' is selected.
16:55:43 INFO  : System reset is completed.
16:55:46 INFO  : 'after 3000' command is executed.
16:55:46 INFO  : Context for processor 'microblaze_0' is selected.
16:55:46 INFO  : The application 'C:/Users/bmg32/ECE_385_lab6_2/ECE_385_lab6_2.sdk/ECE_385_lab6_2_vitis/Debug/ECE_385_lab6_2_vitis.elf' is downloaded to processor 'microblaze_0'.
16:55:46 INFO  : ----------------XSDB Script----------------
connect -url tcp:127.0.0.1:3121
targets -set -filter {jtag_cable_name =~ "RealDigital Boo 887100000002A" && level==0 && jtag_device_ctx=="jsn1-0362f093-0"}
fpga -file C:/Users/bmg32/ECE_385_lab6_2/ECE_385_lab6_2.sdk/ECE_385_lab6_2_vitis/_ide/bitstream/mb_usb_hdmi_top.bit
targets -set -nocase -filter {name =~ "*microblaze*#0" && bscan=="USER2" }
loadhw -hw C:/Users/bmg32/ECE_385_lab6_2/ECE_385_lab6_2.sdk/mb_usb_hdmi_top/export/mb_usb_hdmi_top/hw/mb_usb_hdmi_top.xsa -regs
configparams mdm-detect-bscan-mask 2
targets -set -nocase -filter {name =~ "*microblaze*#0" && bscan=="USER2" }
rst -system
after 3000
targets -set -nocase -filter {name =~ "*microblaze*#0" && bscan=="USER2" }
dow C:/Users/bmg32/ECE_385_lab6_2/ECE_385_lab6_2.sdk/ECE_385_lab6_2_vitis/Debug/ECE_385_lab6_2_vitis.elf
----------------End of Script----------------

16:55:47 INFO  : Context for processor 'microblaze_0' is selected.
16:55:47 INFO  : 'con' command is executed.
16:55:47 INFO  : ----------------XSDB Script (After Launch)----------------
targets -set -nocase -filter {name =~ "*microblaze*#0" && bscan=="USER2" }
con
----------------End of Script----------------

16:55:47 INFO  : Disconnected from the channel tcfchan#5.
17:09:19 INFO  : Hardware specification for platform project 'mb_usb_hdmi_top' is updated.
17:09:39 INFO  : Result from executing command 'removePlatformRepo': 
17:09:57 INFO  : Result from executing command 'getProjects': mb_usb_hdmi_top
17:09:57 INFO  : Result from executing command 'getPlatforms': xilinx_vck190_base_202220_1|C:/Xilinx/Vitis/2022.2/base_platforms/xilinx_vck190_base_202220_1/xilinx_vck190_base_202220_1.xpfm;xilinx_vck190_base_dfx_202220_1|C:/Xilinx/Vitis/2022.2/base_platforms/xilinx_vck190_base_dfx_202220_1/xilinx_vck190_base_dfx_202220_1.xpfm;xilinx_vmk180_base_202220_1|C:/Xilinx/Vitis/2022.2/base_platforms/xilinx_vmk180_base_202220_1/xilinx_vmk180_base_202220_1.xpfm;xilinx_zcu102_base_202220_1|C:/Xilinx/Vitis/2022.2/base_platforms/xilinx_zcu102_base_202220_1/xilinx_zcu102_base_202220_1.xpfm;xilinx_zcu102_base_dfx_202220_1|C:/Xilinx/Vitis/2022.2/base_platforms/xilinx_zcu102_base_dfx_202220_1/xilinx_zcu102_base_dfx_202220_1.xpfm;xilinx_zcu104_base_202220_1|C:/Xilinx/Vitis/2022.2/base_platforms/xilinx_zcu104_base_202220_1/xilinx_zcu104_base_202220_1.xpfm
17:09:59 INFO  : Checking for BSP changes to sync application flags for project 'ECE_385_lab6_2_vitis'...
17:10:05 INFO  : The hardware specification used by project 'ECE_385_lab6_2_vitis' is out of sync with the platform. Resource files extracted from the hardware specification will be updated.
17:10:05 INFO  : The file 'C:\Users\bmg32\ECE_385_lab6_2\ECE_385_lab6_2.sdk\ECE_385_lab6_2_vitis\_ide\bitstream\mb_usb_hdmi_top.bit' stored in project is removed.
17:10:05 INFO  : The file 'C:\Users\bmg32\ECE_385_lab6_2\ECE_385_lab6_2.sdk\ECE_385_lab6_2_vitis\_ide\bitstream\mb_usb_hdmi_top.mmi' stored in project is removed.
17:10:05 INFO  : The updated bitstream files are copied from platform to folder 'C:\Users\bmg32\ECE_385_lab6_2\ECE_385_lab6_2.sdk\ECE_385_lab6_2_vitis\_ide\bitstream' in project 'ECE_385_lab6_2_vitis'.
17:10:24 INFO  : Connected to target on host '127.0.0.1' and port '3121'.
17:10:24 INFO  : Jtag cable 'RealDigital Boo 887100000002A' is selected.
17:10:24 INFO  : 'jtag frequency' command is executed.
17:10:25 INFO  : 'targets -set -filter {jtag_cable_name =~ "RealDigital Boo 887100000002A" && level==0 && jtag_device_ctx=="jsn1-0362f093-0"}' command is executed.
17:10:26 INFO  : Device configured successfully with "C:/Users/bmg32/ECE_385_lab6_2/ECE_385_lab6_2.sdk/ECE_385_lab6_2_vitis/_ide/bitstream/mb_usb_hdmi_top.bit"
17:10:26 INFO  : Context for processor 'microblaze_0' is selected.
17:10:26 INFO  : Hardware design and registers information is loaded from 'C:/Users/bmg32/ECE_385_lab6_2/ECE_385_lab6_2.sdk/mb_usb_hdmi_top/export/mb_usb_hdmi_top/hw/mb_usb_hdmi_top.xsa'.
17:10:26 INFO  : 'configparams mdm-detect-bscan-mask 2' command is executed.
17:10:26 INFO  : Context for processor 'microblaze_0' is selected.
17:10:26 INFO  : System reset is completed.
17:10:29 INFO  : 'after 3000' command is executed.
17:10:29 INFO  : Context for processor 'microblaze_0' is selected.
17:10:29 INFO  : The application 'C:/Users/bmg32/ECE_385_lab6_2/ECE_385_lab6_2.sdk/ECE_385_lab6_2_vitis/Debug/ECE_385_lab6_2_vitis.elf' is downloaded to processor 'microblaze_0'.
17:10:29 INFO  : ----------------XSDB Script----------------
connect -url tcp:127.0.0.1:3121
targets -set -filter {jtag_cable_name =~ "RealDigital Boo 887100000002A" && level==0 && jtag_device_ctx=="jsn1-0362f093-0"}
fpga -file C:/Users/bmg32/ECE_385_lab6_2/ECE_385_lab6_2.sdk/ECE_385_lab6_2_vitis/_ide/bitstream/mb_usb_hdmi_top.bit
targets -set -nocase -filter {name =~ "*microblaze*#0" && bscan=="USER2" }
loadhw -hw C:/Users/bmg32/ECE_385_lab6_2/ECE_385_lab6_2.sdk/mb_usb_hdmi_top/export/mb_usb_hdmi_top/hw/mb_usb_hdmi_top.xsa -regs
configparams mdm-detect-bscan-mask 2
targets -set -nocase -filter {name =~ "*microblaze*#0" && bscan=="USER2" }
rst -system
after 3000
targets -set -nocase -filter {name =~ "*microblaze*#0" && bscan=="USER2" }
dow C:/Users/bmg32/ECE_385_lab6_2/ECE_385_lab6_2.sdk/ECE_385_lab6_2_vitis/Debug/ECE_385_lab6_2_vitis.elf
----------------End of Script----------------

17:10:30 INFO  : Context for processor 'microblaze_0' is selected.
17:10:30 INFO  : 'con' command is executed.
17:10:30 INFO  : ----------------XSDB Script (After Launch)----------------
targets -set -nocase -filter {name =~ "*microblaze*#0" && bscan=="USER2" }
con
----------------End of Script----------------

17:10:30 INFO  : Disconnected from the channel tcfchan#8.
19:03:07 INFO  : Checking for BSP changes to sync application flags for project 'ECE_385_lab6_2_vitis'...
19:04:15 INFO  : Connected to target on host '127.0.0.1' and port '3121'.
19:04:15 INFO  : Jtag cable 'RealDigital Boo 887100000002A' is selected.
19:04:15 INFO  : 'jtag frequency' command is executed.
19:04:15 INFO  : 'targets -set -filter {jtag_cable_name =~ "RealDigital Boo 887100000002A" && level==0 && jtag_device_ctx=="jsn1-0362f093-0"}' command is executed.
19:04:17 INFO  : Device configured successfully with "C:/Users/bmg32/ECE_385_lab6_2/ECE_385_lab6_2.sdk/ECE_385_lab6_2_vitis/_ide/bitstream/mb_usb_hdmi_top.bit"
19:04:17 INFO  : Context for processor 'microblaze_0' is selected.
19:04:17 INFO  : Hardware design and registers information is loaded from 'C:/Users/bmg32/ECE_385_lab6_2/ECE_385_lab6_2.sdk/mb_usb_hdmi_top/export/mb_usb_hdmi_top/hw/mb_usb_hdmi_top.xsa'.
19:04:17 INFO  : 'configparams mdm-detect-bscan-mask 2' command is executed.
19:04:17 INFO  : Context for processor 'microblaze_0' is selected.
19:04:17 INFO  : System reset is completed.
19:04:20 INFO  : 'after 3000' command is executed.
19:04:20 INFO  : Context for processor 'microblaze_0' is selected.
19:04:20 INFO  : The application 'C:/Users/bmg32/ECE_385_lab6_2/ECE_385_lab6_2.sdk/ECE_385_lab6_2_vitis/Debug/ECE_385_lab6_2_vitis.elf' is downloaded to processor 'microblaze_0'.
19:04:20 INFO  : ----------------XSDB Script----------------
connect -url tcp:127.0.0.1:3121
targets -set -filter {jtag_cable_name =~ "RealDigital Boo 887100000002A" && level==0 && jtag_device_ctx=="jsn1-0362f093-0"}
fpga -file C:/Users/bmg32/ECE_385_lab6_2/ECE_385_lab6_2.sdk/ECE_385_lab6_2_vitis/_ide/bitstream/mb_usb_hdmi_top.bit
targets -set -nocase -filter {name =~ "*microblaze*#0" && bscan=="USER2" }
loadhw -hw C:/Users/bmg32/ECE_385_lab6_2/ECE_385_lab6_2.sdk/mb_usb_hdmi_top/export/mb_usb_hdmi_top/hw/mb_usb_hdmi_top.xsa -regs
configparams mdm-detect-bscan-mask 2
targets -set -nocase -filter {name =~ "*microblaze*#0" && bscan=="USER2" }
rst -system
after 3000
targets -set -nocase -filter {name =~ "*microblaze*#0" && bscan=="USER2" }
dow C:/Users/bmg32/ECE_385_lab6_2/ECE_385_lab6_2.sdk/ECE_385_lab6_2_vitis/Debug/ECE_385_lab6_2_vitis.elf
----------------End of Script----------------

19:04:20 INFO  : Context for processor 'microblaze_0' is selected.
19:04:20 INFO  : 'con' command is executed.
19:04:20 INFO  : ----------------XSDB Script (After Launch)----------------
targets -set -nocase -filter {name =~ "*microblaze*#0" && bscan=="USER2" }
con
----------------End of Script----------------

19:04:20 INFO  : Disconnected from the channel tcfchan#9.
19:31:24 INFO  : Hardware specification for platform project 'mb_usb_hdmi_top' is updated.
19:31:46 INFO  : Result from executing command 'getProjects': mb_usb_hdmi_top
19:31:46 INFO  : Result from executing command 'getPlatforms': mb_usb_hdmi_top|C:/Users/bmg32/ECE_385_lab6_2/ECE_385_lab6_2.sdk/mb_usb_hdmi_top/export/mb_usb_hdmi_top/mb_usb_hdmi_top.xpfm;xilinx_vck190_base_202220_1|C:/Xilinx/Vitis/2022.2/base_platforms/xilinx_vck190_base_202220_1/xilinx_vck190_base_202220_1.xpfm;xilinx_vck190_base_dfx_202220_1|C:/Xilinx/Vitis/2022.2/base_platforms/xilinx_vck190_base_dfx_202220_1/xilinx_vck190_base_dfx_202220_1.xpfm;xilinx_vmk180_base_202220_1|C:/Xilinx/Vitis/2022.2/base_platforms/xilinx_vmk180_base_202220_1/xilinx_vmk180_base_202220_1.xpfm;xilinx_zcu102_base_202220_1|C:/Xilinx/Vitis/2022.2/base_platforms/xilinx_zcu102_base_202220_1/xilinx_zcu102_base_202220_1.xpfm;xilinx_zcu102_base_dfx_202220_1|C:/Xilinx/Vitis/2022.2/base_platforms/xilinx_zcu102_base_dfx_202220_1/xilinx_zcu102_base_dfx_202220_1.xpfm;xilinx_zcu104_base_202220_1|C:/Xilinx/Vitis/2022.2/base_platforms/xilinx_zcu104_base_202220_1/xilinx_zcu104_base_202220_1.xpfm
19:31:47 INFO  : Checking for BSP changes to sync application flags for project 'ECE_385_lab6_2_vitis'...
19:32:38 INFO  : Connected to target on host '127.0.0.1' and port '3121'.
19:32:38 INFO  : Jtag cable 'RealDigital Boo 887100000002A' is selected.
19:32:38 INFO  : 'jtag frequency' command is executed.
19:32:38 INFO  : 'targets -set -filter {jtag_cable_name =~ "RealDigital Boo 887100000002A" && level==0 && jtag_device_ctx=="jsn1-0362f093-0"}' command is executed.
19:32:40 INFO  : Device configured successfully with "C:/Users/bmg32/ECE_385_lab6_2/ECE_385_lab6_2.sdk/ECE_385_lab6_2_vitis/_ide/bitstream/mb_usb_hdmi_top.bit"
19:32:40 INFO  : Context for processor 'microblaze_0' is selected.
19:32:40 INFO  : Hardware design and registers information is loaded from 'C:/Users/bmg32/ECE_385_lab6_2/ECE_385_lab6_2.sdk/mb_usb_hdmi_top/export/mb_usb_hdmi_top/hw/mb_usb_hdmi_top.xsa'.
19:32:40 INFO  : 'configparams mdm-detect-bscan-mask 2' command is executed.
19:32:40 INFO  : Context for processor 'microblaze_0' is selected.
19:32:40 INFO  : System reset is completed.
19:32:43 INFO  : 'after 3000' command is executed.
19:32:43 INFO  : Context for processor 'microblaze_0' is selected.
19:32:43 INFO  : The application 'C:/Users/bmg32/ECE_385_lab6_2/ECE_385_lab6_2.sdk/ECE_385_lab6_2_vitis/Debug/ECE_385_lab6_2_vitis.elf' is downloaded to processor 'microblaze_0'.
19:32:43 INFO  : ----------------XSDB Script----------------
connect -url tcp:127.0.0.1:3121
targets -set -filter {jtag_cable_name =~ "RealDigital Boo 887100000002A" && level==0 && jtag_device_ctx=="jsn1-0362f093-0"}
fpga -file C:/Users/bmg32/ECE_385_lab6_2/ECE_385_lab6_2.sdk/ECE_385_lab6_2_vitis/_ide/bitstream/mb_usb_hdmi_top.bit
targets -set -nocase -filter {name =~ "*microblaze*#0" && bscan=="USER2" }
loadhw -hw C:/Users/bmg32/ECE_385_lab6_2/ECE_385_lab6_2.sdk/mb_usb_hdmi_top/export/mb_usb_hdmi_top/hw/mb_usb_hdmi_top.xsa -regs
configparams mdm-detect-bscan-mask 2
targets -set -nocase -filter {name =~ "*microblaze*#0" && bscan=="USER2" }
rst -system
after 3000
targets -set -nocase -filter {name =~ "*microblaze*#0" && bscan=="USER2" }
dow C:/Users/bmg32/ECE_385_lab6_2/ECE_385_lab6_2.sdk/ECE_385_lab6_2_vitis/Debug/ECE_385_lab6_2_vitis.elf
----------------End of Script----------------

19:32:43 INFO  : Context for processor 'microblaze_0' is selected.
19:32:43 INFO  : 'con' command is executed.
19:32:43 INFO  : ----------------XSDB Script (After Launch)----------------
targets -set -nocase -filter {name =~ "*microblaze*#0" && bscan=="USER2" }
con
----------------End of Script----------------

19:32:43 INFO  : Disconnected from the channel tcfchan#11.
19:35:16 INFO  : Connected to target on host '127.0.0.1' and port '3121'.
19:35:17 INFO  : Jtag cable 'RealDigital Boo 887100000002A' is selected.
19:35:17 INFO  : 'jtag frequency' command is executed.
19:35:17 INFO  : 'targets -set -filter {jtag_cable_name =~ "RealDigital Boo 887100000002A" && level==0 && jtag_device_ctx=="jsn1-0362f093-0"}' command is executed.
19:35:18 INFO  : Device configured successfully with "C:/Users/bmg32/ECE_385_lab6_2/ECE_385_lab6_2.sdk/ECE_385_lab6_2_vitis/_ide/bitstream/mb_usb_hdmi_top.bit"
19:35:18 INFO  : Context for processor 'microblaze_0' is selected.
19:35:18 INFO  : Hardware design and registers information is loaded from 'C:/Users/bmg32/ECE_385_lab6_2/ECE_385_lab6_2.sdk/mb_usb_hdmi_top/export/mb_usb_hdmi_top/hw/mb_usb_hdmi_top.xsa'.
19:35:18 INFO  : 'configparams mdm-detect-bscan-mask 2' command is executed.
19:35:18 INFO  : Context for processor 'microblaze_0' is selected.
19:35:18 INFO  : System reset is completed.
19:35:21 INFO  : 'after 3000' command is executed.
19:35:21 INFO  : Context for processor 'microblaze_0' is selected.
19:35:21 INFO  : The application 'C:/Users/bmg32/ECE_385_lab6_2/ECE_385_lab6_2.sdk/ECE_385_lab6_2_vitis/Debug/ECE_385_lab6_2_vitis.elf' is downloaded to processor 'microblaze_0'.
19:35:21 INFO  : ----------------XSDB Script----------------
connect -url tcp:127.0.0.1:3121
targets -set -filter {jtag_cable_name =~ "RealDigital Boo 887100000002A" && level==0 && jtag_device_ctx=="jsn1-0362f093-0"}
fpga -file C:/Users/bmg32/ECE_385_lab6_2/ECE_385_lab6_2.sdk/ECE_385_lab6_2_vitis/_ide/bitstream/mb_usb_hdmi_top.bit
targets -set -nocase -filter {name =~ "*microblaze*#0" && bscan=="USER2" }
loadhw -hw C:/Users/bmg32/ECE_385_lab6_2/ECE_385_lab6_2.sdk/mb_usb_hdmi_top/export/mb_usb_hdmi_top/hw/mb_usb_hdmi_top.xsa -regs
configparams mdm-detect-bscan-mask 2
targets -set -nocase -filter {name =~ "*microblaze*#0" && bscan=="USER2" }
rst -system
after 3000
targets -set -nocase -filter {name =~ "*microblaze*#0" && bscan=="USER2" }
dow C:/Users/bmg32/ECE_385_lab6_2/ECE_385_lab6_2.sdk/ECE_385_lab6_2_vitis/Debug/ECE_385_lab6_2_vitis.elf
----------------End of Script----------------

19:35:21 INFO  : Context for processor 'microblaze_0' is selected.
19:35:21 INFO  : 'con' command is executed.
19:35:21 INFO  : ----------------XSDB Script (After Launch)----------------
targets -set -nocase -filter {name =~ "*microblaze*#0" && bscan=="USER2" }
con
----------------End of Script----------------

19:35:21 INFO  : Disconnected from the channel tcfchan#12.
19:35:44 INFO  : Connected to target on host '127.0.0.1' and port '3121'.
19:35:44 INFO  : Jtag cable 'RealDigital Boo 887100000002A' is selected.
19:35:44 INFO  : 'jtag frequency' command is executed.
19:35:44 INFO  : 'targets -set -filter {jtag_cable_name =~ "RealDigital Boo 887100000002A" && level==0 && jtag_device_ctx=="jsn1-0362f093-0"}' command is executed.
19:35:45 INFO  : Device configured successfully with "C:/Users/bmg32/ECE_385_lab6_2/ECE_385_lab6_2.sdk/ECE_385_lab6_2_vitis/_ide/bitstream/mb_usb_hdmi_top.bit"
19:35:45 INFO  : Context for processor 'microblaze_0' is selected.
19:35:45 INFO  : Hardware design and registers information is loaded from 'C:/Users/bmg32/ECE_385_lab6_2/ECE_385_lab6_2.sdk/mb_usb_hdmi_top/export/mb_usb_hdmi_top/hw/mb_usb_hdmi_top.xsa'.
19:35:45 INFO  : 'configparams mdm-detect-bscan-mask 2' command is executed.
19:35:45 INFO  : Context for processor 'microblaze_0' is selected.
19:35:45 INFO  : System reset is completed.
19:35:48 INFO  : 'after 3000' command is executed.
19:35:48 INFO  : Context for processor 'microblaze_0' is selected.
19:35:49 INFO  : The application 'C:/Users/bmg32/ECE_385_lab6_2/ECE_385_lab6_2.sdk/ECE_385_lab6_2_vitis/Debug/ECE_385_lab6_2_vitis.elf' is downloaded to processor 'microblaze_0'.
19:35:49 INFO  : ----------------XSDB Script----------------
connect -url tcp:127.0.0.1:3121
targets -set -filter {jtag_cable_name =~ "RealDigital Boo 887100000002A" && level==0 && jtag_device_ctx=="jsn1-0362f093-0"}
fpga -file C:/Users/bmg32/ECE_385_lab6_2/ECE_385_lab6_2.sdk/ECE_385_lab6_2_vitis/_ide/bitstream/mb_usb_hdmi_top.bit
targets -set -nocase -filter {name =~ "*microblaze*#0" && bscan=="USER2" }
loadhw -hw C:/Users/bmg32/ECE_385_lab6_2/ECE_385_lab6_2.sdk/mb_usb_hdmi_top/export/mb_usb_hdmi_top/hw/mb_usb_hdmi_top.xsa -regs
configparams mdm-detect-bscan-mask 2
targets -set -nocase -filter {name =~ "*microblaze*#0" && bscan=="USER2" }
rst -system
after 3000
targets -set -nocase -filter {name =~ "*microblaze*#0" && bscan=="USER2" }
dow C:/Users/bmg32/ECE_385_lab6_2/ECE_385_lab6_2.sdk/ECE_385_lab6_2_vitis/Debug/ECE_385_lab6_2_vitis.elf
----------------End of Script----------------

19:35:49 INFO  : Context for processor 'microblaze_0' is selected.
19:35:49 INFO  : 'con' command is executed.
19:35:49 INFO  : ----------------XSDB Script (After Launch)----------------
targets -set -nocase -filter {name =~ "*microblaze*#0" && bscan=="USER2" }
con
----------------End of Script----------------

19:35:49 INFO  : Disconnected from the channel tcfchan#13.
19:36:03 INFO  : Checking for BSP changes to sync application flags for project 'ECE_385_lab6_2_vitis'...
19:36:09 INFO  : Connected to target on host '127.0.0.1' and port '3121'.
19:36:09 INFO  : Jtag cable 'RealDigital Boo 887100000002A' is selected.
19:36:09 INFO  : 'jtag frequency' command is executed.
19:36:12 ERROR : no targets found with "jtag_cable_name =~ "RealDigital Boo 887100000002A" && level==0 && jtag_device_ctx=="jsn1-0362f093-0"". available targets:
  1  xc7s50
     2  MicroBlaze Debug Module at USER2
        3  MicroBlaze #0 (Running)
19:36:12 ERROR : Exception occured while running Program Device.
java.lang.RuntimeException: no targets found with "jtag_cable_name =~ "RealDigital Boo 887100000002A" && level==0 && jtag_device_ctx=="jsn1-0362f093-0"". available targets:
  1  xc7s50
     2  MicroBlaze Debug Module at USER2
        3  MicroBlaze #0 (Running)
19:36:12 INFO  : ----------------XSDB Script----------------
connect -url tcp:127.0.0.1:3121
----------------End of Script----------------

19:36:12 ERROR : no targets found with "jtag_cable_name =~ "RealDigital Boo 887100000002A" && level==0 && jtag_device_ctx=="jsn1-0362f093-0"". available targets:
  1  xc7s50
     2  MicroBlaze Debug Module at USER2
        3  MicroBlaze #0 (Running)
19:36:55 INFO  : Result from executing command 'removePlatformRepo': 
19:37:10 INFO  : Result from executing command 'getProjects': mb_usb_hdmi_top
19:37:10 INFO  : Result from executing command 'getPlatforms': xilinx_vck190_base_202220_1|C:/Xilinx/Vitis/2022.2/base_platforms/xilinx_vck190_base_202220_1/xilinx_vck190_base_202220_1.xpfm;xilinx_vck190_base_dfx_202220_1|C:/Xilinx/Vitis/2022.2/base_platforms/xilinx_vck190_base_dfx_202220_1/xilinx_vck190_base_dfx_202220_1.xpfm;xilinx_vmk180_base_202220_1|C:/Xilinx/Vitis/2022.2/base_platforms/xilinx_vmk180_base_202220_1/xilinx_vmk180_base_202220_1.xpfm;xilinx_zcu102_base_202220_1|C:/Xilinx/Vitis/2022.2/base_platforms/xilinx_zcu102_base_202220_1/xilinx_zcu102_base_202220_1.xpfm;xilinx_zcu102_base_dfx_202220_1|C:/Xilinx/Vitis/2022.2/base_platforms/xilinx_zcu102_base_dfx_202220_1/xilinx_zcu102_base_dfx_202220_1.xpfm;xilinx_zcu104_base_202220_1|C:/Xilinx/Vitis/2022.2/base_platforms/xilinx_zcu104_base_202220_1/xilinx_zcu104_base_202220_1.xpfm
19:37:11 INFO  : Checking for BSP changes to sync application flags for project 'ECE_385_lab6_2_vitis'...
19:37:15 INFO  : Connected to target on host '127.0.0.1' and port '3121'.
19:37:15 INFO  : Jtag cable 'RealDigital Boo 887100000002A' is selected.
19:37:15 INFO  : 'jtag frequency' command is executed.
19:37:18 ERROR : no targets found with "jtag_cable_name =~ "RealDigital Boo 887100000002A" && level==0 && jtag_device_ctx=="jsn1-0362f093-0"". available targets:
  1  xc7s50
     2  MicroBlaze Debug Module at USER2
        3  MicroBlaze #0 (Running)
19:37:18 ERROR : Exception occured while running Program Device.
java.lang.RuntimeException: no targets found with "jtag_cable_name =~ "RealDigital Boo 887100000002A" && level==0 && jtag_device_ctx=="jsn1-0362f093-0"". available targets:
  1  xc7s50
     2  MicroBlaze Debug Module at USER2
        3  MicroBlaze #0 (Running)
19:37:18 INFO  : ----------------XSDB Script----------------
connect -url tcp:127.0.0.1:3121
----------------End of Script----------------

19:37:18 ERROR : no targets found with "jtag_cable_name =~ "RealDigital Boo 887100000002A" && level==0 && jtag_device_ctx=="jsn1-0362f093-0"". available targets:
  1  xc7s50
     2  MicroBlaze Debug Module at USER2
        3  MicroBlaze #0 (Running)
19:38:02 INFO  : Result from executing command 'removePlatformRepo': 
19:38:15 INFO  : Result from executing command 'getProjects': mb_usb_hdmi_top
19:38:15 INFO  : Result from executing command 'getPlatforms': xilinx_vck190_base_202220_1|C:/Xilinx/Vitis/2022.2/base_platforms/xilinx_vck190_base_202220_1/xilinx_vck190_base_202220_1.xpfm;xilinx_vck190_base_dfx_202220_1|C:/Xilinx/Vitis/2022.2/base_platforms/xilinx_vck190_base_dfx_202220_1/xilinx_vck190_base_dfx_202220_1.xpfm;xilinx_vmk180_base_202220_1|C:/Xilinx/Vitis/2022.2/base_platforms/xilinx_vmk180_base_202220_1/xilinx_vmk180_base_202220_1.xpfm;xilinx_zcu102_base_202220_1|C:/Xilinx/Vitis/2022.2/base_platforms/xilinx_zcu102_base_202220_1/xilinx_zcu102_base_202220_1.xpfm;xilinx_zcu102_base_dfx_202220_1|C:/Xilinx/Vitis/2022.2/base_platforms/xilinx_zcu102_base_dfx_202220_1/xilinx_zcu102_base_dfx_202220_1.xpfm;xilinx_zcu104_base_202220_1|C:/Xilinx/Vitis/2022.2/base_platforms/xilinx_zcu104_base_202220_1/xilinx_zcu104_base_202220_1.xpfm
19:38:16 INFO  : Checking for BSP changes to sync application flags for project 'ECE_385_lab6_2_vitis'...
19:38:23 INFO  : Connected to target on host '127.0.0.1' and port '3121'.
19:38:24 INFO  : Jtag cable 'RealDigital Boo 887100000002A' is selected.
19:38:24 INFO  : 'jtag frequency' command is executed.
19:38:27 ERROR : no targets found with "jtag_cable_name =~ "RealDigital Boo 887100000002A" && level==0 && jtag_device_ctx=="jsn1-0362f093-0"". available targets:
  1  xc7s50
     2  MicroBlaze Debug Module at USER2
        3  MicroBlaze #0 (Running)
19:38:27 ERROR : Exception occured while running Program Device.
java.lang.RuntimeException: no targets found with "jtag_cable_name =~ "RealDigital Boo 887100000002A" && level==0 && jtag_device_ctx=="jsn1-0362f093-0"". available targets:
  1  xc7s50
     2  MicroBlaze Debug Module at USER2
        3  MicroBlaze #0 (Running)
19:38:27 INFO  : ----------------XSDB Script----------------
connect -url tcp:127.0.0.1:3121
----------------End of Script----------------

19:38:27 ERROR : no targets found with "jtag_cable_name =~ "RealDigital Boo 887100000002A" && level==0 && jtag_device_ctx=="jsn1-0362f093-0"". available targets:
  1  xc7s50
     2  MicroBlaze Debug Module at USER2
        3  MicroBlaze #0 (Running)
19:38:53 DEBUG : Logs will be stored at 'C:/Users/bmg32/ECE_385_lab6_2/ECE_385_lab6_2.sdk/IDE.log'.
19:38:54 INFO  : Launching XSCT server: xsct.bat -n  -interactive C:\Users\bmg32\ECE_385_lab6_2\ECE_385_lab6_2.sdk\temp_xsdb_launch_script.tcl
19:38:56 INFO  : XSCT server has started successfully.
19:38:56 INFO  : plnx-install-location is set to ''
19:38:56 INFO  : Successfully done setting XSCT server connection channel  
19:38:56 INFO  : Successfully done setting workspace for the tool. 
19:38:57 INFO  : Registering command handlers for Vitis TCF services
19:38:57 INFO  : Successfully done query RDI_DATADIR 
19:38:58 INFO  : Platform repository initialization has completed.
19:39:01 INFO  : Checking for BSP changes to sync application flags for project 'ECE_385_lab6_2_vitis'...
19:39:12 INFO  : Connected to target on host '127.0.0.1' and port '3121'.
19:39:12 INFO  : Jtag cable 'RealDigital Boo 887100000002A' is selected.
19:39:12 INFO  : 'jtag frequency' command is executed.
19:39:12 INFO  : 'targets -set -filter {jtag_cable_name =~ "RealDigital Boo 887100000002A" && level==0 && jtag_device_ctx=="jsn1-0362f093-0"}' command is executed.
19:39:14 INFO  : Device configured successfully with "C:/Users/bmg32/ECE_385_lab6_2/ECE_385_lab6_2.sdk/ECE_385_lab6_2_vitis/_ide/bitstream/mb_usb_hdmi_top.bit"
19:39:14 INFO  : Context for processor 'microblaze_0' is selected.
19:39:14 INFO  : Hardware design and registers information is loaded from 'C:/Users/bmg32/ECE_385_lab6_2/ECE_385_lab6_2.sdk/mb_usb_hdmi_top/export/mb_usb_hdmi_top/hw/mb_usb_hdmi_top.xsa'.
19:39:14 INFO  : 'configparams mdm-detect-bscan-mask 2' command is executed.
19:39:14 INFO  : Context for processor 'microblaze_0' is selected.
19:39:14 INFO  : System reset is completed.
19:39:17 INFO  : 'after 3000' command is executed.
19:39:17 INFO  : Context for processor 'microblaze_0' is selected.
19:39:17 INFO  : The application 'C:/Users/bmg32/ECE_385_lab6_2/ECE_385_lab6_2.sdk/ECE_385_lab6_2_vitis/Debug/ECE_385_lab6_2_vitis.elf' is downloaded to processor 'microblaze_0'.
19:39:17 INFO  : ----------------XSDB Script----------------
connect -url tcp:127.0.0.1:3121
targets -set -filter {jtag_cable_name =~ "RealDigital Boo 887100000002A" && level==0 && jtag_device_ctx=="jsn1-0362f093-0"}
fpga -file C:/Users/bmg32/ECE_385_lab6_2/ECE_385_lab6_2.sdk/ECE_385_lab6_2_vitis/_ide/bitstream/mb_usb_hdmi_top.bit
targets -set -nocase -filter {name =~ "*microblaze*#0" && bscan=="USER2" }
loadhw -hw C:/Users/bmg32/ECE_385_lab6_2/ECE_385_lab6_2.sdk/mb_usb_hdmi_top/export/mb_usb_hdmi_top/hw/mb_usb_hdmi_top.xsa -regs
configparams mdm-detect-bscan-mask 2
targets -set -nocase -filter {name =~ "*microblaze*#0" && bscan=="USER2" }
rst -system
after 3000
targets -set -nocase -filter {name =~ "*microblaze*#0" && bscan=="USER2" }
dow C:/Users/bmg32/ECE_385_lab6_2/ECE_385_lab6_2.sdk/ECE_385_lab6_2_vitis/Debug/ECE_385_lab6_2_vitis.elf
----------------End of Script----------------

19:39:17 INFO  : Context for processor 'microblaze_0' is selected.
19:39:17 INFO  : 'con' command is executed.
19:39:17 INFO  : ----------------XSDB Script (After Launch)----------------
targets -set -nocase -filter {name =~ "*microblaze*#0" && bscan=="USER2" }
con
----------------End of Script----------------

19:39:17 INFO  : Disconnected from the channel tcfchan#1.
19:39:45 INFO  : Checking for BSP changes to sync application flags for project 'ECE_385_lab6_2_vitis'...
19:39:55 INFO  : Connected to target on host '127.0.0.1' and port '3121'.
19:39:55 INFO  : Jtag cable 'RealDigital Boo 887100000002A' is selected.
19:39:55 INFO  : 'jtag frequency' command is executed.
19:39:55 INFO  : 'targets -set -filter {jtag_cable_name =~ "RealDigital Boo 887100000002A" && level==0 && jtag_device_ctx=="jsn1-0362f093-0"}' command is executed.
19:39:56 INFO  : Device configured successfully with "C:/Users/bmg32/ECE_385_lab6_2/ECE_385_lab6_2.sdk/ECE_385_lab6_2_vitis/_ide/bitstream/mb_usb_hdmi_top.bit"
19:39:56 INFO  : Context for processor 'microblaze_0' is selected.
19:39:56 INFO  : Hardware design and registers information is loaded from 'C:/Users/bmg32/ECE_385_lab6_2/ECE_385_lab6_2.sdk/mb_usb_hdmi_top/export/mb_usb_hdmi_top/hw/mb_usb_hdmi_top.xsa'.
19:39:56 INFO  : 'configparams mdm-detect-bscan-mask 2' command is executed.
19:39:56 INFO  : Context for processor 'microblaze_0' is selected.
19:39:56 INFO  : System reset is completed.
19:39:59 INFO  : 'after 3000' command is executed.
19:40:00 INFO  : Context for processor 'microblaze_0' is selected.
19:40:00 INFO  : The application 'C:/Users/bmg32/ECE_385_lab6_2/ECE_385_lab6_2.sdk/ECE_385_lab6_2_vitis/Debug/ECE_385_lab6_2_vitis.elf' is downloaded to processor 'microblaze_0'.
19:40:00 INFO  : ----------------XSDB Script----------------
connect -url tcp:127.0.0.1:3121
targets -set -filter {jtag_cable_name =~ "RealDigital Boo 887100000002A" && level==0 && jtag_device_ctx=="jsn1-0362f093-0"}
fpga -file C:/Users/bmg32/ECE_385_lab6_2/ECE_385_lab6_2.sdk/ECE_385_lab6_2_vitis/_ide/bitstream/mb_usb_hdmi_top.bit
targets -set -nocase -filter {name =~ "*microblaze*#0" && bscan=="USER2" }
loadhw -hw C:/Users/bmg32/ECE_385_lab6_2/ECE_385_lab6_2.sdk/mb_usb_hdmi_top/export/mb_usb_hdmi_top/hw/mb_usb_hdmi_top.xsa -regs
configparams mdm-detect-bscan-mask 2
targets -set -nocase -filter {name =~ "*microblaze*#0" && bscan=="USER2" }
rst -system
after 3000
targets -set -nocase -filter {name =~ "*microblaze*#0" && bscan=="USER2" }
dow C:/Users/bmg32/ECE_385_lab6_2/ECE_385_lab6_2.sdk/ECE_385_lab6_2_vitis/Debug/ECE_385_lab6_2_vitis.elf
----------------End of Script----------------

19:40:00 INFO  : Context for processor 'microblaze_0' is selected.
19:40:00 INFO  : 'con' command is executed.
19:40:00 INFO  : ----------------XSDB Script (After Launch)----------------
targets -set -nocase -filter {name =~ "*microblaze*#0" && bscan=="USER2" }
con
----------------End of Script----------------

19:40:00 INFO  : Disconnected from the channel tcfchan#2.
19:58:43 DEBUG : Logs will be stored at 'C:/Users/bmg32/ECE_385_lab6_2/ECE_385_lab6_2.sdk/IDE.log'.
19:58:44 INFO  : Launching XSCT server: xsct.bat -n  -interactive C:\Users\bmg32\ECE_385_lab6_2\ECE_385_lab6_2.sdk\temp_xsdb_launch_script.tcl
19:58:47 INFO  : XSCT server has started successfully.
19:58:47 INFO  : plnx-install-location is set to ''
19:58:47 INFO  : Successfully done setting XSCT server connection channel  
19:58:47 INFO  : Successfully done query RDI_DATADIR 
19:58:47 INFO  : Successfully done setting workspace for the tool. 
19:58:47 INFO  : Registering command handlers for Vitis TCF services
19:58:48 INFO  : Platform repository initialization has completed.
20:01:14 INFO  : Hardware specification for platform project 'mb_usb_hdmi_top' is updated.
20:01:57 INFO  : Result from executing command 'removePlatformRepo': 
20:03:16 INFO  : Result from executing command 'getProjects': mb_usb_hdmi_top
20:03:16 INFO  : Result from executing command 'getPlatforms': xilinx_vck190_base_202220_1|C:/Xilinx/Vitis/2022.2/base_platforms/xilinx_vck190_base_202220_1/xilinx_vck190_base_202220_1.xpfm;xilinx_vck190_base_dfx_202220_1|C:/Xilinx/Vitis/2022.2/base_platforms/xilinx_vck190_base_dfx_202220_1/xilinx_vck190_base_dfx_202220_1.xpfm;xilinx_vmk180_base_202220_1|C:/Xilinx/Vitis/2022.2/base_platforms/xilinx_vmk180_base_202220_1/xilinx_vmk180_base_202220_1.xpfm;xilinx_zcu102_base_202220_1|C:/Xilinx/Vitis/2022.2/base_platforms/xilinx_zcu102_base_202220_1/xilinx_zcu102_base_202220_1.xpfm;xilinx_zcu102_base_dfx_202220_1|C:/Xilinx/Vitis/2022.2/base_platforms/xilinx_zcu102_base_dfx_202220_1/xilinx_zcu102_base_dfx_202220_1.xpfm;xilinx_zcu104_base_202220_1|C:/Xilinx/Vitis/2022.2/base_platforms/xilinx_zcu104_base_202220_1/xilinx_zcu104_base_202220_1.xpfm
20:03:16 INFO  : Checking for BSP changes to sync application flags for project 'ECE_385_lab6_2_vitis'...
20:03:20 INFO  : The hardware specification used by project 'ECE_385_lab6_2_vitis' is out of sync with the platform. Resource files extracted from the hardware specification will be updated.
20:03:20 INFO  : The file 'C:\Users\bmg32\ECE_385_lab6_2\ECE_385_lab6_2.sdk\ECE_385_lab6_2_vitis\_ide\bitstream\mb_usb_hdmi_top.bit' stored in project is removed.
20:03:20 INFO  : The file 'C:\Users\bmg32\ECE_385_lab6_2\ECE_385_lab6_2.sdk\ECE_385_lab6_2_vitis\_ide\bitstream\mb_usb_hdmi_top.mmi' stored in project is removed.
20:03:20 INFO  : The updated bitstream files are copied from platform to folder 'C:\Users\bmg32\ECE_385_lab6_2\ECE_385_lab6_2.sdk\ECE_385_lab6_2_vitis\_ide\bitstream' in project 'ECE_385_lab6_2_vitis'.
20:03:25 INFO  : Connected to target on host '127.0.0.1' and port '3121'.
20:03:26 INFO  : Jtag cable 'RealDigital Boo 887100000002A' is selected.
20:03:26 INFO  : 'jtag frequency' command is executed.
20:03:26 INFO  : 'targets -set -filter {jtag_cable_name =~ "RealDigital Boo 887100000002A" && level==0 && jtag_device_ctx=="jsn1-0362f093-0"}' command is executed.
20:03:27 INFO  : Device configured successfully with "C:/Users/bmg32/ECE_385_lab6_2/ECE_385_lab6_2.sdk/ECE_385_lab6_2_vitis/_ide/bitstream/mb_usb_hdmi_top.bit"
20:03:27 INFO  : Context for processor 'microblaze_0' is selected.
20:03:27 INFO  : Hardware design and registers information is loaded from 'C:/Users/bmg32/ECE_385_lab6_2/ECE_385_lab6_2.sdk/mb_usb_hdmi_top/export/mb_usb_hdmi_top/hw/mb_usb_hdmi_top.xsa'.
20:03:27 INFO  : 'configparams mdm-detect-bscan-mask 2' command is executed.
20:03:27 INFO  : Context for processor 'microblaze_0' is selected.
20:03:27 INFO  : System reset is completed.
20:03:30 INFO  : 'after 3000' command is executed.
20:03:30 INFO  : Context for processor 'microblaze_0' is selected.
20:03:30 INFO  : The application 'C:/Users/bmg32/ECE_385_lab6_2/ECE_385_lab6_2.sdk/ECE_385_lab6_2_vitis/Debug/ECE_385_lab6_2_vitis.elf' is downloaded to processor 'microblaze_0'.
20:03:30 INFO  : ----------------XSDB Script----------------
connect -url tcp:127.0.0.1:3121
targets -set -filter {jtag_cable_name =~ "RealDigital Boo 887100000002A" && level==0 && jtag_device_ctx=="jsn1-0362f093-0"}
fpga -file C:/Users/bmg32/ECE_385_lab6_2/ECE_385_lab6_2.sdk/ECE_385_lab6_2_vitis/_ide/bitstream/mb_usb_hdmi_top.bit
targets -set -nocase -filter {name =~ "*microblaze*#0" && bscan=="USER2" }
loadhw -hw C:/Users/bmg32/ECE_385_lab6_2/ECE_385_lab6_2.sdk/mb_usb_hdmi_top/export/mb_usb_hdmi_top/hw/mb_usb_hdmi_top.xsa -regs
configparams mdm-detect-bscan-mask 2
targets -set -nocase -filter {name =~ "*microblaze*#0" && bscan=="USER2" }
rst -system
after 3000
targets -set -nocase -filter {name =~ "*microblaze*#0" && bscan=="USER2" }
dow C:/Users/bmg32/ECE_385_lab6_2/ECE_385_lab6_2.sdk/ECE_385_lab6_2_vitis/Debug/ECE_385_lab6_2_vitis.elf
----------------End of Script----------------

20:03:30 INFO  : Context for processor 'microblaze_0' is selected.
20:03:30 INFO  : 'con' command is executed.
20:03:30 INFO  : ----------------XSDB Script (After Launch)----------------
targets -set -nocase -filter {name =~ "*microblaze*#0" && bscan=="USER2" }
con
----------------End of Script----------------

20:03:30 INFO  : Disconnected from the channel tcfchan#3.
20:07:53 INFO  : Hardware specification for platform project 'mb_usb_hdmi_top' is updated.
20:08:07 INFO  : Result from executing command 'removePlatformRepo': 
20:08:20 INFO  : Result from executing command 'getProjects': mb_usb_hdmi_top
20:08:20 INFO  : Result from executing command 'getPlatforms': xilinx_vck190_base_202220_1|C:/Xilinx/Vitis/2022.2/base_platforms/xilinx_vck190_base_202220_1/xilinx_vck190_base_202220_1.xpfm;xilinx_vck190_base_dfx_202220_1|C:/Xilinx/Vitis/2022.2/base_platforms/xilinx_vck190_base_dfx_202220_1/xilinx_vck190_base_dfx_202220_1.xpfm;xilinx_vmk180_base_202220_1|C:/Xilinx/Vitis/2022.2/base_platforms/xilinx_vmk180_base_202220_1/xilinx_vmk180_base_202220_1.xpfm;xilinx_zcu102_base_202220_1|C:/Xilinx/Vitis/2022.2/base_platforms/xilinx_zcu102_base_202220_1/xilinx_zcu102_base_202220_1.xpfm;xilinx_zcu102_base_dfx_202220_1|C:/Xilinx/Vitis/2022.2/base_platforms/xilinx_zcu102_base_dfx_202220_1/xilinx_zcu102_base_dfx_202220_1.xpfm;xilinx_zcu104_base_202220_1|C:/Xilinx/Vitis/2022.2/base_platforms/xilinx_zcu104_base_202220_1/xilinx_zcu104_base_202220_1.xpfm
20:08:20 INFO  : Checking for BSP changes to sync application flags for project 'ECE_385_lab6_2_vitis'...
20:08:23 INFO  : The hardware specification used by project 'ECE_385_lab6_2_vitis' is out of sync with the platform. Resource files extracted from the hardware specification will be updated.
20:08:23 INFO  : The file 'C:\Users\bmg32\ECE_385_lab6_2\ECE_385_lab6_2.sdk\ECE_385_lab6_2_vitis\_ide\bitstream\mb_usb_hdmi_top.bit' stored in project is removed.
20:08:23 INFO  : The file 'C:\Users\bmg32\ECE_385_lab6_2\ECE_385_lab6_2.sdk\ECE_385_lab6_2_vitis\_ide\bitstream\mb_usb_hdmi_top.mmi' stored in project is removed.
20:08:23 INFO  : The updated bitstream files are copied from platform to folder 'C:\Users\bmg32\ECE_385_lab6_2\ECE_385_lab6_2.sdk\ECE_385_lab6_2_vitis\_ide\bitstream' in project 'ECE_385_lab6_2_vitis'.
20:08:27 INFO  : Connected to target on host '127.0.0.1' and port '3121'.
20:08:27 INFO  : Jtag cable 'RealDigital Boo 887100000002A' is selected.
20:08:27 INFO  : 'jtag frequency' command is executed.
20:08:27 INFO  : 'targets -set -filter {jtag_cable_name =~ "RealDigital Boo 887100000002A" && level==0 && jtag_device_ctx=="jsn1-0362f093-0"}' command is executed.
20:08:29 INFO  : Device configured successfully with "C:/Users/bmg32/ECE_385_lab6_2/ECE_385_lab6_2.sdk/ECE_385_lab6_2_vitis/_ide/bitstream/mb_usb_hdmi_top.bit"
20:08:29 INFO  : Context for processor 'microblaze_0' is selected.
20:08:29 INFO  : Hardware design and registers information is loaded from 'C:/Users/bmg32/ECE_385_lab6_2/ECE_385_lab6_2.sdk/mb_usb_hdmi_top/export/mb_usb_hdmi_top/hw/mb_usb_hdmi_top.xsa'.
20:08:29 INFO  : 'configparams mdm-detect-bscan-mask 2' command is executed.
20:08:29 INFO  : Context for processor 'microblaze_0' is selected.
20:08:29 INFO  : System reset is completed.
20:08:32 INFO  : 'after 3000' command is executed.
20:08:32 INFO  : Context for processor 'microblaze_0' is selected.
20:08:32 INFO  : The application 'C:/Users/bmg32/ECE_385_lab6_2/ECE_385_lab6_2.sdk/ECE_385_lab6_2_vitis/Debug/ECE_385_lab6_2_vitis.elf' is downloaded to processor 'microblaze_0'.
20:08:32 INFO  : ----------------XSDB Script----------------
connect -url tcp:127.0.0.1:3121
targets -set -filter {jtag_cable_name =~ "RealDigital Boo 887100000002A" && level==0 && jtag_device_ctx=="jsn1-0362f093-0"}
fpga -file C:/Users/bmg32/ECE_385_lab6_2/ECE_385_lab6_2.sdk/ECE_385_lab6_2_vitis/_ide/bitstream/mb_usb_hdmi_top.bit
targets -set -nocase -filter {name =~ "*microblaze*#0" && bscan=="USER2" }
loadhw -hw C:/Users/bmg32/ECE_385_lab6_2/ECE_385_lab6_2.sdk/mb_usb_hdmi_top/export/mb_usb_hdmi_top/hw/mb_usb_hdmi_top.xsa -regs
configparams mdm-detect-bscan-mask 2
targets -set -nocase -filter {name =~ "*microblaze*#0" && bscan=="USER2" }
rst -system
after 3000
targets -set -nocase -filter {name =~ "*microblaze*#0" && bscan=="USER2" }
dow C:/Users/bmg32/ECE_385_lab6_2/ECE_385_lab6_2.sdk/ECE_385_lab6_2_vitis/Debug/ECE_385_lab6_2_vitis.elf
----------------End of Script----------------

20:08:32 INFO  : Context for processor 'microblaze_0' is selected.
20:08:32 INFO  : 'con' command is executed.
20:08:32 INFO  : ----------------XSDB Script (After Launch)----------------
targets -set -nocase -filter {name =~ "*microblaze*#0" && bscan=="USER2" }
con
----------------End of Script----------------

20:08:32 INFO  : Disconnected from the channel tcfchan#6.
20:16:29 INFO  : Hardware specification for platform project 'mb_usb_hdmi_top' is updated.
20:17:05 INFO  : Result from executing command 'getProjects': mb_usb_hdmi_top
20:17:05 INFO  : Result from executing command 'getPlatforms': mb_usb_hdmi_top|C:/Users/bmg32/ECE_385_lab6_2/ECE_385_lab6_2.sdk/mb_usb_hdmi_top/export/mb_usb_hdmi_top/mb_usb_hdmi_top.xpfm;xilinx_vck190_base_202220_1|C:/Xilinx/Vitis/2022.2/base_platforms/xilinx_vck190_base_202220_1/xilinx_vck190_base_202220_1.xpfm;xilinx_vck190_base_dfx_202220_1|C:/Xilinx/Vitis/2022.2/base_platforms/xilinx_vck190_base_dfx_202220_1/xilinx_vck190_base_dfx_202220_1.xpfm;xilinx_vmk180_base_202220_1|C:/Xilinx/Vitis/2022.2/base_platforms/xilinx_vmk180_base_202220_1/xilinx_vmk180_base_202220_1.xpfm;xilinx_zcu102_base_202220_1|C:/Xilinx/Vitis/2022.2/base_platforms/xilinx_zcu102_base_202220_1/xilinx_zcu102_base_202220_1.xpfm;xilinx_zcu102_base_dfx_202220_1|C:/Xilinx/Vitis/2022.2/base_platforms/xilinx_zcu102_base_dfx_202220_1/xilinx_zcu102_base_dfx_202220_1.xpfm;xilinx_zcu104_base_202220_1|C:/Xilinx/Vitis/2022.2/base_platforms/xilinx_zcu104_base_202220_1/xilinx_zcu104_base_202220_1.xpfm
20:17:06 INFO  : Checking for BSP changes to sync application flags for project 'ECE_385_lab6_2_vitis'...
20:17:09 INFO  : The hardware specification used by project 'ECE_385_lab6_2_vitis' is out of sync with the platform. Resource files extracted from the hardware specification will be updated.
20:17:09 INFO  : The file 'C:\Users\bmg32\ECE_385_lab6_2\ECE_385_lab6_2.sdk\ECE_385_lab6_2_vitis\_ide\bitstream\mb_usb_hdmi_top.bit' stored in project is removed.
20:17:09 INFO  : The file 'C:\Users\bmg32\ECE_385_lab6_2\ECE_385_lab6_2.sdk\ECE_385_lab6_2_vitis\_ide\bitstream\mb_usb_hdmi_top.mmi' stored in project is removed.
20:17:09 INFO  : The updated bitstream files are copied from platform to folder 'C:\Users\bmg32\ECE_385_lab6_2\ECE_385_lab6_2.sdk\ECE_385_lab6_2_vitis\_ide\bitstream' in project 'ECE_385_lab6_2_vitis'.
20:17:17 INFO  : Result from executing command 'removePlatformRepo': 
20:17:31 INFO  : Result from executing command 'getProjects': mb_usb_hdmi_top
20:17:31 INFO  : Result from executing command 'getPlatforms': xilinx_vck190_base_202220_1|C:/Xilinx/Vitis/2022.2/base_platforms/xilinx_vck190_base_202220_1/xilinx_vck190_base_202220_1.xpfm;xilinx_vck190_base_dfx_202220_1|C:/Xilinx/Vitis/2022.2/base_platforms/xilinx_vck190_base_dfx_202220_1/xilinx_vck190_base_dfx_202220_1.xpfm;xilinx_vmk180_base_202220_1|C:/Xilinx/Vitis/2022.2/base_platforms/xilinx_vmk180_base_202220_1/xilinx_vmk180_base_202220_1.xpfm;xilinx_zcu102_base_202220_1|C:/Xilinx/Vitis/2022.2/base_platforms/xilinx_zcu102_base_202220_1/xilinx_zcu102_base_202220_1.xpfm;xilinx_zcu102_base_dfx_202220_1|C:/Xilinx/Vitis/2022.2/base_platforms/xilinx_zcu102_base_dfx_202220_1/xilinx_zcu102_base_dfx_202220_1.xpfm;xilinx_zcu104_base_202220_1|C:/Xilinx/Vitis/2022.2/base_platforms/xilinx_zcu104_base_202220_1/xilinx_zcu104_base_202220_1.xpfm
20:17:32 INFO  : Checking for BSP changes to sync application flags for project 'ECE_385_lab6_2_vitis'...
20:17:40 INFO  : Connected to target on host '127.0.0.1' and port '3121'.
20:17:41 INFO  : Jtag cable 'RealDigital Boo 887100000002A' is selected.
20:17:41 INFO  : 'jtag frequency' command is executed.
20:17:41 INFO  : 'targets -set -filter {jtag_cable_name =~ "RealDigital Boo 887100000002A" && level==0 && jtag_device_ctx=="jsn1-0362f093-0"}' command is executed.
20:17:42 INFO  : Device configured successfully with "C:/Users/bmg32/ECE_385_lab6_2/ECE_385_lab6_2.sdk/ECE_385_lab6_2_vitis/_ide/bitstream/mb_usb_hdmi_top.bit"
20:17:42 INFO  : Context for processor 'microblaze_0' is selected.
20:17:42 INFO  : Hardware design and registers information is loaded from 'C:/Users/bmg32/ECE_385_lab6_2/ECE_385_lab6_2.sdk/mb_usb_hdmi_top/export/mb_usb_hdmi_top/hw/mb_usb_hdmi_top.xsa'.
20:17:42 INFO  : 'configparams mdm-detect-bscan-mask 2' command is executed.
20:17:42 INFO  : Context for processor 'microblaze_0' is selected.
20:17:42 INFO  : System reset is completed.
20:17:45 INFO  : 'after 3000' command is executed.
20:17:45 INFO  : Context for processor 'microblaze_0' is selected.
20:17:45 INFO  : The application 'C:/Users/bmg32/ECE_385_lab6_2/ECE_385_lab6_2.sdk/ECE_385_lab6_2_vitis/Debug/ECE_385_lab6_2_vitis.elf' is downloaded to processor 'microblaze_0'.
20:17:45 INFO  : ----------------XSDB Script----------------
connect -url tcp:127.0.0.1:3121
targets -set -filter {jtag_cable_name =~ "RealDigital Boo 887100000002A" && level==0 && jtag_device_ctx=="jsn1-0362f093-0"}
fpga -file C:/Users/bmg32/ECE_385_lab6_2/ECE_385_lab6_2.sdk/ECE_385_lab6_2_vitis/_ide/bitstream/mb_usb_hdmi_top.bit
targets -set -nocase -filter {name =~ "*microblaze*#0" && bscan=="USER2" }
loadhw -hw C:/Users/bmg32/ECE_385_lab6_2/ECE_385_lab6_2.sdk/mb_usb_hdmi_top/export/mb_usb_hdmi_top/hw/mb_usb_hdmi_top.xsa -regs
configparams mdm-detect-bscan-mask 2
targets -set -nocase -filter {name =~ "*microblaze*#0" && bscan=="USER2" }
rst -system
after 3000
targets -set -nocase -filter {name =~ "*microblaze*#0" && bscan=="USER2" }
dow C:/Users/bmg32/ECE_385_lab6_2/ECE_385_lab6_2.sdk/ECE_385_lab6_2_vitis/Debug/ECE_385_lab6_2_vitis.elf
----------------End of Script----------------

20:17:45 INFO  : Context for processor 'microblaze_0' is selected.
20:17:45 INFO  : 'con' command is executed.
20:17:45 INFO  : ----------------XSDB Script (After Launch)----------------
targets -set -nocase -filter {name =~ "*microblaze*#0" && bscan=="USER2" }
con
----------------End of Script----------------

20:17:45 INFO  : Disconnected from the channel tcfchan#10.
20:22:18 INFO  : Connected to target on host '127.0.0.1' and port '3121'.
20:22:18 INFO  : Jtag cable 'RealDigital Boo 887100000002A' is selected.
20:22:18 INFO  : 'jtag frequency' command is executed.
20:22:18 INFO  : 'targets -set -filter {jtag_cable_name =~ "RealDigital Boo 887100000002A" && level==0 && jtag_device_ctx=="jsn1-0362f093-0"}' command is executed.
20:22:20 INFO  : Device configured successfully with "C:/Users/bmg32/ECE_385_lab6_2/ECE_385_lab6_2.sdk/ECE_385_lab6_2_vitis/_ide/bitstream/mb_usb_hdmi_top.bit"
20:22:20 INFO  : Context for processor 'microblaze_0' is selected.
20:22:20 INFO  : Hardware design and registers information is loaded from 'C:/Users/bmg32/ECE_385_lab6_2/ECE_385_lab6_2.sdk/mb_usb_hdmi_top/export/mb_usb_hdmi_top/hw/mb_usb_hdmi_top.xsa'.
20:22:20 INFO  : 'configparams mdm-detect-bscan-mask 2' command is executed.
20:22:20 INFO  : Context for processor 'microblaze_0' is selected.
20:22:20 INFO  : System reset is completed.
20:22:23 INFO  : 'after 3000' command is executed.
20:22:23 INFO  : Context for processor 'microblaze_0' is selected.
20:22:23 INFO  : The application 'C:/Users/bmg32/ECE_385_lab6_2/ECE_385_lab6_2.sdk/ECE_385_lab6_2_vitis/Debug/ECE_385_lab6_2_vitis.elf' is downloaded to processor 'microblaze_0'.
20:22:23 INFO  : ----------------XSDB Script----------------
connect -url tcp:127.0.0.1:3121
targets -set -filter {jtag_cable_name =~ "RealDigital Boo 887100000002A" && level==0 && jtag_device_ctx=="jsn1-0362f093-0"}
fpga -file C:/Users/bmg32/ECE_385_lab6_2/ECE_385_lab6_2.sdk/ECE_385_lab6_2_vitis/_ide/bitstream/mb_usb_hdmi_top.bit
targets -set -nocase -filter {name =~ "*microblaze*#0" && bscan=="USER2" }
loadhw -hw C:/Users/bmg32/ECE_385_lab6_2/ECE_385_lab6_2.sdk/mb_usb_hdmi_top/export/mb_usb_hdmi_top/hw/mb_usb_hdmi_top.xsa -regs
configparams mdm-detect-bscan-mask 2
targets -set -nocase -filter {name =~ "*microblaze*#0" && bscan=="USER2" }
rst -system
after 3000
targets -set -nocase -filter {name =~ "*microblaze*#0" && bscan=="USER2" }
dow C:/Users/bmg32/ECE_385_lab6_2/ECE_385_lab6_2.sdk/ECE_385_lab6_2_vitis/Debug/ECE_385_lab6_2_vitis.elf
----------------End of Script----------------

20:22:23 INFO  : Context for processor 'microblaze_0' is selected.
20:22:23 INFO  : 'con' command is executed.
20:22:23 INFO  : ----------------XSDB Script (After Launch)----------------
targets -set -nocase -filter {name =~ "*microblaze*#0" && bscan=="USER2" }
con
----------------End of Script----------------

20:22:23 INFO  : Disconnected from the channel tcfchan#11.
20:26:19 INFO  : Hardware specification for platform project 'mb_usb_hdmi_top' is updated.
20:26:30 INFO  : Result from executing command 'removePlatformRepo': 
20:26:44 INFO  : Result from executing command 'getProjects': mb_usb_hdmi_top
20:26:44 INFO  : Result from executing command 'getPlatforms': xilinx_vck190_base_202220_1|C:/Xilinx/Vitis/2022.2/base_platforms/xilinx_vck190_base_202220_1/xilinx_vck190_base_202220_1.xpfm;xilinx_vck190_base_dfx_202220_1|C:/Xilinx/Vitis/2022.2/base_platforms/xilinx_vck190_base_dfx_202220_1/xilinx_vck190_base_dfx_202220_1.xpfm;xilinx_vmk180_base_202220_1|C:/Xilinx/Vitis/2022.2/base_platforms/xilinx_vmk180_base_202220_1/xilinx_vmk180_base_202220_1.xpfm;xilinx_zcu102_base_202220_1|C:/Xilinx/Vitis/2022.2/base_platforms/xilinx_zcu102_base_202220_1/xilinx_zcu102_base_202220_1.xpfm;xilinx_zcu102_base_dfx_202220_1|C:/Xilinx/Vitis/2022.2/base_platforms/xilinx_zcu102_base_dfx_202220_1/xilinx_zcu102_base_dfx_202220_1.xpfm;xilinx_zcu104_base_202220_1|C:/Xilinx/Vitis/2022.2/base_platforms/xilinx_zcu104_base_202220_1/xilinx_zcu104_base_202220_1.xpfm
20:26:45 INFO  : Checking for BSP changes to sync application flags for project 'ECE_385_lab6_2_vitis'...
20:26:48 INFO  : The hardware specification used by project 'ECE_385_lab6_2_vitis' is out of sync with the platform. Resource files extracted from the hardware specification will be updated.
20:26:48 INFO  : The file 'C:\Users\bmg32\ECE_385_lab6_2\ECE_385_lab6_2.sdk\ECE_385_lab6_2_vitis\_ide\bitstream\mb_usb_hdmi_top.bit' stored in project is removed.
20:26:48 INFO  : The file 'C:\Users\bmg32\ECE_385_lab6_2\ECE_385_lab6_2.sdk\ECE_385_lab6_2_vitis\_ide\bitstream\mb_usb_hdmi_top.mmi' stored in project is removed.
20:26:48 INFO  : The updated bitstream files are copied from platform to folder 'C:\Users\bmg32\ECE_385_lab6_2\ECE_385_lab6_2.sdk\ECE_385_lab6_2_vitis\_ide\bitstream' in project 'ECE_385_lab6_2_vitis'.
20:26:52 INFO  : Connected to target on host '127.0.0.1' and port '3121'.
20:26:53 INFO  : Jtag cable 'RealDigital Boo 887100000002A' is selected.
20:26:53 INFO  : 'jtag frequency' command is executed.
20:26:53 INFO  : 'targets -set -filter {jtag_cable_name =~ "RealDigital Boo 887100000002A" && level==0 && jtag_device_ctx=="jsn1-0362f093-0"}' command is executed.
20:26:54 INFO  : Device configured successfully with "C:/Users/bmg32/ECE_385_lab6_2/ECE_385_lab6_2.sdk/ECE_385_lab6_2_vitis/_ide/bitstream/mb_usb_hdmi_top.bit"
20:26:54 INFO  : Context for processor 'microblaze_0' is selected.
20:26:54 INFO  : Hardware design and registers information is loaded from 'C:/Users/bmg32/ECE_385_lab6_2/ECE_385_lab6_2.sdk/mb_usb_hdmi_top/export/mb_usb_hdmi_top/hw/mb_usb_hdmi_top.xsa'.
20:26:54 INFO  : 'configparams mdm-detect-bscan-mask 2' command is executed.
20:26:54 INFO  : Context for processor 'microblaze_0' is selected.
20:26:54 INFO  : System reset is completed.
20:26:57 INFO  : 'after 3000' command is executed.
20:26:57 INFO  : Context for processor 'microblaze_0' is selected.
20:26:58 INFO  : The application 'C:/Users/bmg32/ECE_385_lab6_2/ECE_385_lab6_2.sdk/ECE_385_lab6_2_vitis/Debug/ECE_385_lab6_2_vitis.elf' is downloaded to processor 'microblaze_0'.
20:26:58 INFO  : ----------------XSDB Script----------------
connect -url tcp:127.0.0.1:3121
targets -set -filter {jtag_cable_name =~ "RealDigital Boo 887100000002A" && level==0 && jtag_device_ctx=="jsn1-0362f093-0"}
fpga -file C:/Users/bmg32/ECE_385_lab6_2/ECE_385_lab6_2.sdk/ECE_385_lab6_2_vitis/_ide/bitstream/mb_usb_hdmi_top.bit
targets -set -nocase -filter {name =~ "*microblaze*#0" && bscan=="USER2" }
loadhw -hw C:/Users/bmg32/ECE_385_lab6_2/ECE_385_lab6_2.sdk/mb_usb_hdmi_top/export/mb_usb_hdmi_top/hw/mb_usb_hdmi_top.xsa -regs
configparams mdm-detect-bscan-mask 2
targets -set -nocase -filter {name =~ "*microblaze*#0" && bscan=="USER2" }
rst -system
after 3000
targets -set -nocase -filter {name =~ "*microblaze*#0" && bscan=="USER2" }
dow C:/Users/bmg32/ECE_385_lab6_2/ECE_385_lab6_2.sdk/ECE_385_lab6_2_vitis/Debug/ECE_385_lab6_2_vitis.elf
----------------End of Script----------------

20:26:58 INFO  : Context for processor 'microblaze_0' is selected.
20:26:58 INFO  : 'con' command is executed.
20:26:58 INFO  : ----------------XSDB Script (After Launch)----------------
targets -set -nocase -filter {name =~ "*microblaze*#0" && bscan=="USER2" }
con
----------------End of Script----------------

20:26:58 INFO  : Disconnected from the channel tcfchan#14.
20:33:00 INFO  : Hardware specification for platform project 'mb_usb_hdmi_top' is updated.
20:33:12 INFO  : Result from executing command 'removePlatformRepo': 
20:33:51 INFO  : Result from executing command 'getProjects': mb_usb_hdmi_top
20:33:51 INFO  : Result from executing command 'getPlatforms': xilinx_vck190_base_202220_1|C:/Xilinx/Vitis/2022.2/base_platforms/xilinx_vck190_base_202220_1/xilinx_vck190_base_202220_1.xpfm;xilinx_vck190_base_dfx_202220_1|C:/Xilinx/Vitis/2022.2/base_platforms/xilinx_vck190_base_dfx_202220_1/xilinx_vck190_base_dfx_202220_1.xpfm;xilinx_vmk180_base_202220_1|C:/Xilinx/Vitis/2022.2/base_platforms/xilinx_vmk180_base_202220_1/xilinx_vmk180_base_202220_1.xpfm;xilinx_zcu102_base_202220_1|C:/Xilinx/Vitis/2022.2/base_platforms/xilinx_zcu102_base_202220_1/xilinx_zcu102_base_202220_1.xpfm;xilinx_zcu102_base_dfx_202220_1|C:/Xilinx/Vitis/2022.2/base_platforms/xilinx_zcu102_base_dfx_202220_1/xilinx_zcu102_base_dfx_202220_1.xpfm;xilinx_zcu104_base_202220_1|C:/Xilinx/Vitis/2022.2/base_platforms/xilinx_zcu104_base_202220_1/xilinx_zcu104_base_202220_1.xpfm
20:33:52 INFO  : Checking for BSP changes to sync application flags for project 'ECE_385_lab6_2_vitis'...
20:33:56 INFO  : The hardware specification used by project 'ECE_385_lab6_2_vitis' is out of sync with the platform. Resource files extracted from the hardware specification will be updated.
20:33:56 INFO  : The file 'C:\Users\bmg32\ECE_385_lab6_2\ECE_385_lab6_2.sdk\ECE_385_lab6_2_vitis\_ide\bitstream\mb_usb_hdmi_top.bit' stored in project is removed.
20:33:56 INFO  : The file 'C:\Users\bmg32\ECE_385_lab6_2\ECE_385_lab6_2.sdk\ECE_385_lab6_2_vitis\_ide\bitstream\mb_usb_hdmi_top.mmi' stored in project is removed.
20:33:56 INFO  : The updated bitstream files are copied from platform to folder 'C:\Users\bmg32\ECE_385_lab6_2\ECE_385_lab6_2.sdk\ECE_385_lab6_2_vitis\_ide\bitstream' in project 'ECE_385_lab6_2_vitis'.
20:34:01 INFO  : Connected to target on host '127.0.0.1' and port '3121'.
20:34:01 INFO  : Jtag cable 'RealDigital Boo 887100000002A' is selected.
20:34:01 INFO  : 'jtag frequency' command is executed.
20:34:01 INFO  : 'targets -set -filter {jtag_cable_name =~ "RealDigital Boo 887100000002A" && level==0 && jtag_device_ctx=="jsn1-0362f093-0"}' command is executed.
20:34:02 INFO  : Device configured successfully with "C:/Users/bmg32/ECE_385_lab6_2/ECE_385_lab6_2.sdk/ECE_385_lab6_2_vitis/_ide/bitstream/mb_usb_hdmi_top.bit"
20:34:02 INFO  : Context for processor 'microblaze_0' is selected.
20:34:02 INFO  : Hardware design and registers information is loaded from 'C:/Users/bmg32/ECE_385_lab6_2/ECE_385_lab6_2.sdk/mb_usb_hdmi_top/export/mb_usb_hdmi_top/hw/mb_usb_hdmi_top.xsa'.
20:34:02 INFO  : 'configparams mdm-detect-bscan-mask 2' command is executed.
20:34:02 INFO  : Context for processor 'microblaze_0' is selected.
20:34:02 INFO  : System reset is completed.
20:34:05 INFO  : 'after 3000' command is executed.
20:34:05 INFO  : Context for processor 'microblaze_0' is selected.
20:34:06 INFO  : The application 'C:/Users/bmg32/ECE_385_lab6_2/ECE_385_lab6_2.sdk/ECE_385_lab6_2_vitis/Debug/ECE_385_lab6_2_vitis.elf' is downloaded to processor 'microblaze_0'.
20:34:06 INFO  : ----------------XSDB Script----------------
connect -url tcp:127.0.0.1:3121
targets -set -filter {jtag_cable_name =~ "RealDigital Boo 887100000002A" && level==0 && jtag_device_ctx=="jsn1-0362f093-0"}
fpga -file C:/Users/bmg32/ECE_385_lab6_2/ECE_385_lab6_2.sdk/ECE_385_lab6_2_vitis/_ide/bitstream/mb_usb_hdmi_top.bit
targets -set -nocase -filter {name =~ "*microblaze*#0" && bscan=="USER2" }
loadhw -hw C:/Users/bmg32/ECE_385_lab6_2/ECE_385_lab6_2.sdk/mb_usb_hdmi_top/export/mb_usb_hdmi_top/hw/mb_usb_hdmi_top.xsa -regs
configparams mdm-detect-bscan-mask 2
targets -set -nocase -filter {name =~ "*microblaze*#0" && bscan=="USER2" }
rst -system
after 3000
targets -set -nocase -filter {name =~ "*microblaze*#0" && bscan=="USER2" }
dow C:/Users/bmg32/ECE_385_lab6_2/ECE_385_lab6_2.sdk/ECE_385_lab6_2_vitis/Debug/ECE_385_lab6_2_vitis.elf
----------------End of Script----------------

20:34:06 INFO  : Context for processor 'microblaze_0' is selected.
20:34:06 INFO  : 'con' command is executed.
20:34:06 INFO  : ----------------XSDB Script (After Launch)----------------
targets -set -nocase -filter {name =~ "*microblaze*#0" && bscan=="USER2" }
con
----------------End of Script----------------

20:34:06 INFO  : Disconnected from the channel tcfchan#17.
20:39:49 INFO  : Hardware specification for platform project 'mb_usb_hdmi_top' is updated.
20:40:00 INFO  : Result from executing command 'removePlatformRepo': 
20:40:30 INFO  : Result from executing command 'getProjects': mb_usb_hdmi_top
20:40:30 INFO  : Result from executing command 'getPlatforms': xilinx_vck190_base_202220_1|C:/Xilinx/Vitis/2022.2/base_platforms/xilinx_vck190_base_202220_1/xilinx_vck190_base_202220_1.xpfm;xilinx_vck190_base_dfx_202220_1|C:/Xilinx/Vitis/2022.2/base_platforms/xilinx_vck190_base_dfx_202220_1/xilinx_vck190_base_dfx_202220_1.xpfm;xilinx_vmk180_base_202220_1|C:/Xilinx/Vitis/2022.2/base_platforms/xilinx_vmk180_base_202220_1/xilinx_vmk180_base_202220_1.xpfm;xilinx_zcu102_base_202220_1|C:/Xilinx/Vitis/2022.2/base_platforms/xilinx_zcu102_base_202220_1/xilinx_zcu102_base_202220_1.xpfm;xilinx_zcu102_base_dfx_202220_1|C:/Xilinx/Vitis/2022.2/base_platforms/xilinx_zcu102_base_dfx_202220_1/xilinx_zcu102_base_dfx_202220_1.xpfm;xilinx_zcu104_base_202220_1|C:/Xilinx/Vitis/2022.2/base_platforms/xilinx_zcu104_base_202220_1/xilinx_zcu104_base_202220_1.xpfm
20:40:31 INFO  : Checking for BSP changes to sync application flags for project 'ECE_385_lab6_2_vitis'...
20:40:35 INFO  : The hardware specification used by project 'ECE_385_lab6_2_vitis' is out of sync with the platform. Resource files extracted from the hardware specification will be updated.
20:40:35 INFO  : The file 'C:\Users\bmg32\ECE_385_lab6_2\ECE_385_lab6_2.sdk\ECE_385_lab6_2_vitis\_ide\bitstream\mb_usb_hdmi_top.bit' stored in project is removed.
20:40:35 INFO  : The file 'C:\Users\bmg32\ECE_385_lab6_2\ECE_385_lab6_2.sdk\ECE_385_lab6_2_vitis\_ide\bitstream\mb_usb_hdmi_top.mmi' stored in project is removed.
20:40:35 INFO  : The updated bitstream files are copied from platform to folder 'C:\Users\bmg32\ECE_385_lab6_2\ECE_385_lab6_2.sdk\ECE_385_lab6_2_vitis\_ide\bitstream' in project 'ECE_385_lab6_2_vitis'.
20:40:38 INFO  : Connected to target on host '127.0.0.1' and port '3121'.
20:40:38 INFO  : Jtag cable 'RealDigital Boo 887100000002A' is selected.
20:40:38 INFO  : 'jtag frequency' command is executed.
20:40:38 INFO  : 'targets -set -filter {jtag_cable_name =~ "RealDigital Boo 887100000002A" && level==0 && jtag_device_ctx=="jsn1-0362f093-0"}' command is executed.
20:40:40 INFO  : Device configured successfully with "C:/Users/bmg32/ECE_385_lab6_2/ECE_385_lab6_2.sdk/ECE_385_lab6_2_vitis/_ide/bitstream/mb_usb_hdmi_top.bit"
20:40:40 INFO  : Context for processor 'microblaze_0' is selected.
20:40:40 INFO  : Hardware design and registers information is loaded from 'C:/Users/bmg32/ECE_385_lab6_2/ECE_385_lab6_2.sdk/mb_usb_hdmi_top/export/mb_usb_hdmi_top/hw/mb_usb_hdmi_top.xsa'.
20:40:40 INFO  : 'configparams mdm-detect-bscan-mask 2' command is executed.
20:40:40 INFO  : Context for processor 'microblaze_0' is selected.
20:40:40 INFO  : System reset is completed.
20:40:43 INFO  : 'after 3000' command is executed.
20:40:43 INFO  : Context for processor 'microblaze_0' is selected.
20:40:43 INFO  : The application 'C:/Users/bmg32/ECE_385_lab6_2/ECE_385_lab6_2.sdk/ECE_385_lab6_2_vitis/Debug/ECE_385_lab6_2_vitis.elf' is downloaded to processor 'microblaze_0'.
20:40:43 INFO  : ----------------XSDB Script----------------
connect -url tcp:127.0.0.1:3121
targets -set -filter {jtag_cable_name =~ "RealDigital Boo 887100000002A" && level==0 && jtag_device_ctx=="jsn1-0362f093-0"}
fpga -file C:/Users/bmg32/ECE_385_lab6_2/ECE_385_lab6_2.sdk/ECE_385_lab6_2_vitis/_ide/bitstream/mb_usb_hdmi_top.bit
targets -set -nocase -filter {name =~ "*microblaze*#0" && bscan=="USER2" }
loadhw -hw C:/Users/bmg32/ECE_385_lab6_2/ECE_385_lab6_2.sdk/mb_usb_hdmi_top/export/mb_usb_hdmi_top/hw/mb_usb_hdmi_top.xsa -regs
configparams mdm-detect-bscan-mask 2
targets -set -nocase -filter {name =~ "*microblaze*#0" && bscan=="USER2" }
rst -system
after 3000
targets -set -nocase -filter {name =~ "*microblaze*#0" && bscan=="USER2" }
dow C:/Users/bmg32/ECE_385_lab6_2/ECE_385_lab6_2.sdk/ECE_385_lab6_2_vitis/Debug/ECE_385_lab6_2_vitis.elf
----------------End of Script----------------

20:40:43 INFO  : Context for processor 'microblaze_0' is selected.
20:40:43 INFO  : 'con' command is executed.
20:40:43 INFO  : ----------------XSDB Script (After Launch)----------------
targets -set -nocase -filter {name =~ "*microblaze*#0" && bscan=="USER2" }
con
----------------End of Script----------------

20:40:43 INFO  : Disconnected from the channel tcfchan#20.
20:49:54 INFO  : Hardware specification for platform project 'mb_usb_hdmi_top' is updated.
20:50:05 INFO  : Result from executing command 'removePlatformRepo': 
20:50:17 INFO  : Result from executing command 'getProjects': mb_usb_hdmi_top
20:50:17 INFO  : Result from executing command 'getPlatforms': xilinx_vck190_base_202220_1|C:/Xilinx/Vitis/2022.2/base_platforms/xilinx_vck190_base_202220_1/xilinx_vck190_base_202220_1.xpfm;xilinx_vck190_base_dfx_202220_1|C:/Xilinx/Vitis/2022.2/base_platforms/xilinx_vck190_base_dfx_202220_1/xilinx_vck190_base_dfx_202220_1.xpfm;xilinx_vmk180_base_202220_1|C:/Xilinx/Vitis/2022.2/base_platforms/xilinx_vmk180_base_202220_1/xilinx_vmk180_base_202220_1.xpfm;xilinx_zcu102_base_202220_1|C:/Xilinx/Vitis/2022.2/base_platforms/xilinx_zcu102_base_202220_1/xilinx_zcu102_base_202220_1.xpfm;xilinx_zcu102_base_dfx_202220_1|C:/Xilinx/Vitis/2022.2/base_platforms/xilinx_zcu102_base_dfx_202220_1/xilinx_zcu102_base_dfx_202220_1.xpfm;xilinx_zcu104_base_202220_1|C:/Xilinx/Vitis/2022.2/base_platforms/xilinx_zcu104_base_202220_1/xilinx_zcu104_base_202220_1.xpfm
20:50:17 INFO  : Checking for BSP changes to sync application flags for project 'ECE_385_lab6_2_vitis'...
20:50:21 INFO  : The hardware specification used by project 'ECE_385_lab6_2_vitis' is out of sync with the platform. Resource files extracted from the hardware specification will be updated.
20:50:21 INFO  : The file 'C:\Users\bmg32\ECE_385_lab6_2\ECE_385_lab6_2.sdk\ECE_385_lab6_2_vitis\_ide\bitstream\mb_usb_hdmi_top.bit' stored in project is removed.
20:50:21 INFO  : The file 'C:\Users\bmg32\ECE_385_lab6_2\ECE_385_lab6_2.sdk\ECE_385_lab6_2_vitis\_ide\bitstream\mb_usb_hdmi_top.mmi' stored in project is removed.
20:50:21 INFO  : The updated bitstream files are copied from platform to folder 'C:\Users\bmg32\ECE_385_lab6_2\ECE_385_lab6_2.sdk\ECE_385_lab6_2_vitis\_ide\bitstream' in project 'ECE_385_lab6_2_vitis'.
20:50:35 INFO  : Connected to target on host '127.0.0.1' and port '3121'.
20:50:36 INFO  : Jtag cable 'RealDigital Boo 887100000002A' is selected.
20:50:36 INFO  : 'jtag frequency' command is executed.
20:50:36 INFO  : 'targets -set -filter {jtag_cable_name =~ "RealDigital Boo 887100000002A" && level==0 && jtag_device_ctx=="jsn1-0362f093-0"}' command is executed.
20:50:37 INFO  : Device configured successfully with "C:/Users/bmg32/ECE_385_lab6_2/ECE_385_lab6_2.sdk/ECE_385_lab6_2_vitis/_ide/bitstream/mb_usb_hdmi_top.bit"
20:50:37 INFO  : Context for processor 'microblaze_0' is selected.
20:50:37 INFO  : Hardware design and registers information is loaded from 'C:/Users/bmg32/ECE_385_lab6_2/ECE_385_lab6_2.sdk/mb_usb_hdmi_top/export/mb_usb_hdmi_top/hw/mb_usb_hdmi_top.xsa'.
20:50:37 INFO  : 'configparams mdm-detect-bscan-mask 2' command is executed.
20:50:37 INFO  : Context for processor 'microblaze_0' is selected.
20:50:37 INFO  : System reset is completed.
20:50:40 INFO  : 'after 3000' command is executed.
20:50:40 INFO  : Context for processor 'microblaze_0' is selected.
20:50:41 INFO  : The application 'C:/Users/bmg32/ECE_385_lab6_2/ECE_385_lab6_2.sdk/ECE_385_lab6_2_vitis/Debug/ECE_385_lab6_2_vitis.elf' is downloaded to processor 'microblaze_0'.
20:50:41 INFO  : ----------------XSDB Script----------------
connect -url tcp:127.0.0.1:3121
targets -set -filter {jtag_cable_name =~ "RealDigital Boo 887100000002A" && level==0 && jtag_device_ctx=="jsn1-0362f093-0"}
fpga -file C:/Users/bmg32/ECE_385_lab6_2/ECE_385_lab6_2.sdk/ECE_385_lab6_2_vitis/_ide/bitstream/mb_usb_hdmi_top.bit
targets -set -nocase -filter {name =~ "*microblaze*#0" && bscan=="USER2" }
loadhw -hw C:/Users/bmg32/ECE_385_lab6_2/ECE_385_lab6_2.sdk/mb_usb_hdmi_top/export/mb_usb_hdmi_top/hw/mb_usb_hdmi_top.xsa -regs
configparams mdm-detect-bscan-mask 2
targets -set -nocase -filter {name =~ "*microblaze*#0" && bscan=="USER2" }
rst -system
after 3000
targets -set -nocase -filter {name =~ "*microblaze*#0" && bscan=="USER2" }
dow C:/Users/bmg32/ECE_385_lab6_2/ECE_385_lab6_2.sdk/ECE_385_lab6_2_vitis/Debug/ECE_385_lab6_2_vitis.elf
----------------End of Script----------------

20:50:41 INFO  : Context for processor 'microblaze_0' is selected.
20:50:41 INFO  : 'con' command is executed.
20:50:41 INFO  : ----------------XSDB Script (After Launch)----------------
targets -set -nocase -filter {name =~ "*microblaze*#0" && bscan=="USER2" }
con
----------------End of Script----------------

20:50:41 INFO  : Disconnected from the channel tcfchan#23.
20:57:58 INFO  : Hardware specification for platform project 'mb_usb_hdmi_top' is updated.
20:58:39 INFO  : Result from executing command 'removePlatformRepo': 
20:59:15 INFO  : Result from executing command 'getProjects': mb_usb_hdmi_top
20:59:15 INFO  : Result from executing command 'getPlatforms': xilinx_vck190_base_202220_1|C:/Xilinx/Vitis/2022.2/base_platforms/xilinx_vck190_base_202220_1/xilinx_vck190_base_202220_1.xpfm;xilinx_vck190_base_dfx_202220_1|C:/Xilinx/Vitis/2022.2/base_platforms/xilinx_vck190_base_dfx_202220_1/xilinx_vck190_base_dfx_202220_1.xpfm;xilinx_vmk180_base_202220_1|C:/Xilinx/Vitis/2022.2/base_platforms/xilinx_vmk180_base_202220_1/xilinx_vmk180_base_202220_1.xpfm;xilinx_zcu102_base_202220_1|C:/Xilinx/Vitis/2022.2/base_platforms/xilinx_zcu102_base_202220_1/xilinx_zcu102_base_202220_1.xpfm;xilinx_zcu102_base_dfx_202220_1|C:/Xilinx/Vitis/2022.2/base_platforms/xilinx_zcu102_base_dfx_202220_1/xilinx_zcu102_base_dfx_202220_1.xpfm;xilinx_zcu104_base_202220_1|C:/Xilinx/Vitis/2022.2/base_platforms/xilinx_zcu104_base_202220_1/xilinx_zcu104_base_202220_1.xpfm
20:59:16 INFO  : Checking for BSP changes to sync application flags for project 'ECE_385_lab6_2_vitis'...
20:59:21 INFO  : The hardware specification used by project 'ECE_385_lab6_2_vitis' is out of sync with the platform. Resource files extracted from the hardware specification will be updated.
20:59:21 INFO  : The file 'C:\Users\bmg32\ECE_385_lab6_2\ECE_385_lab6_2.sdk\ECE_385_lab6_2_vitis\_ide\bitstream\mb_usb_hdmi_top.bit' stored in project is removed.
20:59:21 INFO  : The file 'C:\Users\bmg32\ECE_385_lab6_2\ECE_385_lab6_2.sdk\ECE_385_lab6_2_vitis\_ide\bitstream\mb_usb_hdmi_top.mmi' stored in project is removed.
20:59:21 INFO  : The updated bitstream files are copied from platform to folder 'C:\Users\bmg32\ECE_385_lab6_2\ECE_385_lab6_2.sdk\ECE_385_lab6_2_vitis\_ide\bitstream' in project 'ECE_385_lab6_2_vitis'.
20:59:26 INFO  : Connected to target on host '127.0.0.1' and port '3121'.
20:59:26 INFO  : Jtag cable 'RealDigital Boo 887100000002A' is selected.
20:59:26 INFO  : 'jtag frequency' command is executed.
20:59:27 INFO  : 'targets -set -filter {jtag_cable_name =~ "RealDigital Boo 887100000002A" && level==0 && jtag_device_ctx=="jsn1-0362f093-0"}' command is executed.
20:59:28 INFO  : Device configured successfully with "C:/Users/bmg32/ECE_385_lab6_2/ECE_385_lab6_2.sdk/ECE_385_lab6_2_vitis/_ide/bitstream/mb_usb_hdmi_top.bit"
20:59:28 INFO  : Context for processor 'microblaze_0' is selected.
20:59:28 INFO  : Hardware design and registers information is loaded from 'C:/Users/bmg32/ECE_385_lab6_2/ECE_385_lab6_2.sdk/mb_usb_hdmi_top/export/mb_usb_hdmi_top/hw/mb_usb_hdmi_top.xsa'.
20:59:28 INFO  : 'configparams mdm-detect-bscan-mask 2' command is executed.
20:59:28 INFO  : Context for processor 'microblaze_0' is selected.
20:59:28 INFO  : System reset is completed.
20:59:31 INFO  : 'after 3000' command is executed.
20:59:31 INFO  : Context for processor 'microblaze_0' is selected.
20:59:31 INFO  : The application 'C:/Users/bmg32/ECE_385_lab6_2/ECE_385_lab6_2.sdk/ECE_385_lab6_2_vitis/Debug/ECE_385_lab6_2_vitis.elf' is downloaded to processor 'microblaze_0'.
20:59:31 INFO  : ----------------XSDB Script----------------
connect -url tcp:127.0.0.1:3121
targets -set -filter {jtag_cable_name =~ "RealDigital Boo 887100000002A" && level==0 && jtag_device_ctx=="jsn1-0362f093-0"}
fpga -file C:/Users/bmg32/ECE_385_lab6_2/ECE_385_lab6_2.sdk/ECE_385_lab6_2_vitis/_ide/bitstream/mb_usb_hdmi_top.bit
targets -set -nocase -filter {name =~ "*microblaze*#0" && bscan=="USER2" }
loadhw -hw C:/Users/bmg32/ECE_385_lab6_2/ECE_385_lab6_2.sdk/mb_usb_hdmi_top/export/mb_usb_hdmi_top/hw/mb_usb_hdmi_top.xsa -regs
configparams mdm-detect-bscan-mask 2
targets -set -nocase -filter {name =~ "*microblaze*#0" && bscan=="USER2" }
rst -system
after 3000
targets -set -nocase -filter {name =~ "*microblaze*#0" && bscan=="USER2" }
dow C:/Users/bmg32/ECE_385_lab6_2/ECE_385_lab6_2.sdk/ECE_385_lab6_2_vitis/Debug/ECE_385_lab6_2_vitis.elf
----------------End of Script----------------

20:59:31 INFO  : Context for processor 'microblaze_0' is selected.
20:59:31 INFO  : 'con' command is executed.
20:59:31 INFO  : ----------------XSDB Script (After Launch)----------------
targets -set -nocase -filter {name =~ "*microblaze*#0" && bscan=="USER2" }
con
----------------End of Script----------------

20:59:31 INFO  : Disconnected from the channel tcfchan#26.
21:04:32 INFO  : Hardware specification for platform project 'mb_usb_hdmi_top' is updated.
21:04:46 INFO  : Result from executing command 'removePlatformRepo': 
21:04:58 INFO  : Result from executing command 'getProjects': mb_usb_hdmi_top
21:04:58 INFO  : Result from executing command 'getPlatforms': xilinx_vck190_base_202220_1|C:/Xilinx/Vitis/2022.2/base_platforms/xilinx_vck190_base_202220_1/xilinx_vck190_base_202220_1.xpfm;xilinx_vck190_base_dfx_202220_1|C:/Xilinx/Vitis/2022.2/base_platforms/xilinx_vck190_base_dfx_202220_1/xilinx_vck190_base_dfx_202220_1.xpfm;xilinx_vmk180_base_202220_1|C:/Xilinx/Vitis/2022.2/base_platforms/xilinx_vmk180_base_202220_1/xilinx_vmk180_base_202220_1.xpfm;xilinx_zcu102_base_202220_1|C:/Xilinx/Vitis/2022.2/base_platforms/xilinx_zcu102_base_202220_1/xilinx_zcu102_base_202220_1.xpfm;xilinx_zcu102_base_dfx_202220_1|C:/Xilinx/Vitis/2022.2/base_platforms/xilinx_zcu102_base_dfx_202220_1/xilinx_zcu102_base_dfx_202220_1.xpfm;xilinx_zcu104_base_202220_1|C:/Xilinx/Vitis/2022.2/base_platforms/xilinx_zcu104_base_202220_1/xilinx_zcu104_base_202220_1.xpfm
21:04:59 INFO  : Checking for BSP changes to sync application flags for project 'ECE_385_lab6_2_vitis'...
21:05:03 INFO  : The hardware specification used by project 'ECE_385_lab6_2_vitis' is out of sync with the platform. Resource files extracted from the hardware specification will be updated.
21:05:03 INFO  : The file 'C:\Users\bmg32\ECE_385_lab6_2\ECE_385_lab6_2.sdk\ECE_385_lab6_2_vitis\_ide\bitstream\mb_usb_hdmi_top.bit' stored in project is removed.
21:05:03 INFO  : The file 'C:\Users\bmg32\ECE_385_lab6_2\ECE_385_lab6_2.sdk\ECE_385_lab6_2_vitis\_ide\bitstream\mb_usb_hdmi_top.mmi' stored in project is removed.
21:05:03 INFO  : The updated bitstream files are copied from platform to folder 'C:\Users\bmg32\ECE_385_lab6_2\ECE_385_lab6_2.sdk\ECE_385_lab6_2_vitis\_ide\bitstream' in project 'ECE_385_lab6_2_vitis'.
21:05:08 INFO  : Connected to target on host '127.0.0.1' and port '3121'.
21:05:08 INFO  : Jtag cable 'RealDigital Boo 887100000002A' is selected.
21:05:08 INFO  : 'jtag frequency' command is executed.
21:05:08 INFO  : 'targets -set -filter {jtag_cable_name =~ "RealDigital Boo 887100000002A" && level==0 && jtag_device_ctx=="jsn1-0362f093-0"}' command is executed.
21:05:09 INFO  : Device configured successfully with "C:/Users/bmg32/ECE_385_lab6_2/ECE_385_lab6_2.sdk/ECE_385_lab6_2_vitis/_ide/bitstream/mb_usb_hdmi_top.bit"
21:05:09 INFO  : Context for processor 'microblaze_0' is selected.
21:05:09 INFO  : Hardware design and registers information is loaded from 'C:/Users/bmg32/ECE_385_lab6_2/ECE_385_lab6_2.sdk/mb_usb_hdmi_top/export/mb_usb_hdmi_top/hw/mb_usb_hdmi_top.xsa'.
21:05:09 INFO  : 'configparams mdm-detect-bscan-mask 2' command is executed.
21:05:09 INFO  : Context for processor 'microblaze_0' is selected.
21:05:09 INFO  : System reset is completed.
21:05:12 INFO  : 'after 3000' command is executed.
21:05:12 INFO  : Context for processor 'microblaze_0' is selected.
21:05:13 INFO  : The application 'C:/Users/bmg32/ECE_385_lab6_2/ECE_385_lab6_2.sdk/ECE_385_lab6_2_vitis/Debug/ECE_385_lab6_2_vitis.elf' is downloaded to processor 'microblaze_0'.
21:05:13 INFO  : ----------------XSDB Script----------------
connect -url tcp:127.0.0.1:3121
targets -set -filter {jtag_cable_name =~ "RealDigital Boo 887100000002A" && level==0 && jtag_device_ctx=="jsn1-0362f093-0"}
fpga -file C:/Users/bmg32/ECE_385_lab6_2/ECE_385_lab6_2.sdk/ECE_385_lab6_2_vitis/_ide/bitstream/mb_usb_hdmi_top.bit
targets -set -nocase -filter {name =~ "*microblaze*#0" && bscan=="USER2" }
loadhw -hw C:/Users/bmg32/ECE_385_lab6_2/ECE_385_lab6_2.sdk/mb_usb_hdmi_top/export/mb_usb_hdmi_top/hw/mb_usb_hdmi_top.xsa -regs
configparams mdm-detect-bscan-mask 2
targets -set -nocase -filter {name =~ "*microblaze*#0" && bscan=="USER2" }
rst -system
after 3000
targets -set -nocase -filter {name =~ "*microblaze*#0" && bscan=="USER2" }
dow C:/Users/bmg32/ECE_385_lab6_2/ECE_385_lab6_2.sdk/ECE_385_lab6_2_vitis/Debug/ECE_385_lab6_2_vitis.elf
----------------End of Script----------------

21:05:13 INFO  : Context for processor 'microblaze_0' is selected.
21:05:13 INFO  : 'con' command is executed.
21:05:13 INFO  : ----------------XSDB Script (After Launch)----------------
targets -set -nocase -filter {name =~ "*microblaze*#0" && bscan=="USER2" }
con
----------------End of Script----------------

21:05:13 INFO  : Disconnected from the channel tcfchan#29.
20:43:37 INFO  : Checking for BSP changes to sync application flags for project 'ECE_385_lab6_2_vitis'...
20:44:40 INFO  : Connected to target on host '127.0.0.1' and port '3121'.
20:44:41 INFO  : Jtag cable 'RealDigital Boo 887100000002A' is selected.
20:44:41 INFO  : 'jtag frequency' command is executed.
20:44:41 INFO  : 'targets -set -filter {jtag_cable_name =~ "RealDigital Boo 887100000002A" && level==0 && jtag_device_ctx=="jsn1-0362f093-0"}' command is executed.
20:44:42 INFO  : Device configured successfully with "C:/Users/bmg32/ECE_385_lab6_2/ECE_385_lab6_2.sdk/ECE_385_lab6_2_vitis/_ide/bitstream/mb_usb_hdmi_top.bit"
20:44:42 INFO  : Context for processor 'microblaze_0' is selected.
20:44:42 INFO  : Hardware design and registers information is loaded from 'C:/Users/bmg32/ECE_385_lab6_2/ECE_385_lab6_2.sdk/mb_usb_hdmi_top/export/mb_usb_hdmi_top/hw/mb_usb_hdmi_top.xsa'.
20:44:42 INFO  : 'configparams mdm-detect-bscan-mask 2' command is executed.
20:44:42 INFO  : Context for processor 'microblaze_0' is selected.
20:44:42 INFO  : System reset is completed.
20:44:45 INFO  : 'after 3000' command is executed.
20:44:46 INFO  : Context for processor 'microblaze_0' is selected.
20:44:46 INFO  : The application 'C:/Users/bmg32/ECE_385_lab6_2/ECE_385_lab6_2.sdk/ECE_385_lab6_2_vitis/Debug/ECE_385_lab6_2_vitis.elf' is downloaded to processor 'microblaze_0'.
20:44:46 INFO  : ----------------XSDB Script----------------
connect -url tcp:127.0.0.1:3121
targets -set -filter {jtag_cable_name =~ "RealDigital Boo 887100000002A" && level==0 && jtag_device_ctx=="jsn1-0362f093-0"}
fpga -file C:/Users/bmg32/ECE_385_lab6_2/ECE_385_lab6_2.sdk/ECE_385_lab6_2_vitis/_ide/bitstream/mb_usb_hdmi_top.bit
targets -set -nocase -filter {name =~ "*microblaze*#0" && bscan=="USER2" }
loadhw -hw C:/Users/bmg32/ECE_385_lab6_2/ECE_385_lab6_2.sdk/mb_usb_hdmi_top/export/mb_usb_hdmi_top/hw/mb_usb_hdmi_top.xsa -regs
configparams mdm-detect-bscan-mask 2
targets -set -nocase -filter {name =~ "*microblaze*#0" && bscan=="USER2" }
rst -system
after 3000
targets -set -nocase -filter {name =~ "*microblaze*#0" && bscan=="USER2" }
dow C:/Users/bmg32/ECE_385_lab6_2/ECE_385_lab6_2.sdk/ECE_385_lab6_2_vitis/Debug/ECE_385_lab6_2_vitis.elf
----------------End of Script----------------

20:44:46 INFO  : Context for processor 'microblaze_0' is selected.
20:44:46 INFO  : 'con' command is executed.
20:44:46 INFO  : ----------------XSDB Script (After Launch)----------------
targets -set -nocase -filter {name =~ "*microblaze*#0" && bscan=="USER2" }
con
----------------End of Script----------------

20:44:46 INFO  : Disconnected from the channel tcfchan#30.
20:45:40 INFO  : Connected to target on host '127.0.0.1' and port '3121'.
20:45:41 INFO  : Jtag cable 'RealDigital Boo 887100000002A' is selected.
20:45:41 INFO  : 'jtag frequency' command is executed.
20:45:41 INFO  : 'targets -set -filter {jtag_cable_name =~ "RealDigital Boo 887100000002A" && level==0 && jtag_device_ctx=="jsn1-0362f093-0"}' command is executed.
20:45:42 INFO  : Device configured successfully with "C:/Users/bmg32/ECE_385_lab6_2/ECE_385_lab6_2.sdk/ECE_385_lab6_2_vitis/_ide/bitstream/mb_usb_hdmi_top.bit"
20:45:42 INFO  : Context for processor 'microblaze_0' is selected.
20:45:42 INFO  : Hardware design and registers information is loaded from 'C:/Users/bmg32/ECE_385_lab6_2/ECE_385_lab6_2.sdk/mb_usb_hdmi_top/export/mb_usb_hdmi_top/hw/mb_usb_hdmi_top.xsa'.
20:45:42 INFO  : 'configparams mdm-detect-bscan-mask 2' command is executed.
20:45:42 INFO  : Context for processor 'microblaze_0' is selected.
20:45:42 INFO  : System reset is completed.
20:45:45 INFO  : 'after 3000' command is executed.
20:45:45 INFO  : Context for processor 'microblaze_0' is selected.
20:45:45 INFO  : The application 'C:/Users/bmg32/ECE_385_lab6_2/ECE_385_lab6_2.sdk/ECE_385_lab6_2_vitis/Debug/ECE_385_lab6_2_vitis.elf' is downloaded to processor 'microblaze_0'.
20:45:45 INFO  : ----------------XSDB Script----------------
connect -url tcp:127.0.0.1:3121
targets -set -filter {jtag_cable_name =~ "RealDigital Boo 887100000002A" && level==0 && jtag_device_ctx=="jsn1-0362f093-0"}
fpga -file C:/Users/bmg32/ECE_385_lab6_2/ECE_385_lab6_2.sdk/ECE_385_lab6_2_vitis/_ide/bitstream/mb_usb_hdmi_top.bit
targets -set -nocase -filter {name =~ "*microblaze*#0" && bscan=="USER2" }
loadhw -hw C:/Users/bmg32/ECE_385_lab6_2/ECE_385_lab6_2.sdk/mb_usb_hdmi_top/export/mb_usb_hdmi_top/hw/mb_usb_hdmi_top.xsa -regs
configparams mdm-detect-bscan-mask 2
targets -set -nocase -filter {name =~ "*microblaze*#0" && bscan=="USER2" }
rst -system
after 3000
targets -set -nocase -filter {name =~ "*microblaze*#0" && bscan=="USER2" }
dow C:/Users/bmg32/ECE_385_lab6_2/ECE_385_lab6_2.sdk/ECE_385_lab6_2_vitis/Debug/ECE_385_lab6_2_vitis.elf
----------------End of Script----------------

20:45:46 INFO  : Context for processor 'microblaze_0' is selected.
20:45:46 INFO  : 'con' command is executed.
20:45:46 INFO  : ----------------XSDB Script (After Launch)----------------
targets -set -nocase -filter {name =~ "*microblaze*#0" && bscan=="USER2" }
con
----------------End of Script----------------

20:45:46 INFO  : Disconnected from the channel tcfchan#31.
14:47:57 INFO  : Checking for BSP changes to sync application flags for project 'ECE_385_lab6_2_vitis'...
14:57:05 INFO  : Connected to target on host '127.0.0.1' and port '3121'.
14:57:05 INFO  : Jtag cable 'RealDigital Boo 887100000000A' is selected.
14:57:05 INFO  : 'jtag frequency' command is executed.
14:57:05 INFO  : 'targets -set -filter {jtag_cable_name =~ "RealDigital Boo 887100000000A" && level==0 && jtag_device_ctx=="jsn1-0362f093-0"}' command is executed.
14:57:07 INFO  : Device configured successfully with "C:/Users/bmg32/ECE_385_lab6_2/ECE_385_lab6_2.sdk/ECE_385_lab6_2_vitis/_ide/bitstream/mb_usb_hdmi_top.bit"
14:57:07 INFO  : Context for processor 'microblaze_0' is selected.
14:57:07 INFO  : Hardware design and registers information is loaded from 'C:/Users/bmg32/ECE_385_lab6_2/ECE_385_lab6_2.sdk/mb_usb_hdmi_top/export/mb_usb_hdmi_top/hw/mb_usb_hdmi_top.xsa'.
14:57:07 INFO  : 'configparams mdm-detect-bscan-mask 2' command is executed.
14:57:07 INFO  : Context for processor 'microblaze_0' is selected.
14:57:07 INFO  : System reset is completed.
14:57:10 INFO  : 'after 3000' command is executed.
14:57:10 INFO  : Context for processor 'microblaze_0' is selected.
14:57:10 INFO  : The application 'C:/Users/bmg32/ECE_385_lab6_2/ECE_385_lab6_2.sdk/ECE_385_lab6_2_vitis/Debug/ECE_385_lab6_2_vitis.elf' is downloaded to processor 'microblaze_0'.
14:57:10 INFO  : ----------------XSDB Script----------------
connect -url tcp:127.0.0.1:3121
targets -set -filter {jtag_cable_name =~ "RealDigital Boo 887100000000A" && level==0 && jtag_device_ctx=="jsn1-0362f093-0"}
fpga -file C:/Users/bmg32/ECE_385_lab6_2/ECE_385_lab6_2.sdk/ECE_385_lab6_2_vitis/_ide/bitstream/mb_usb_hdmi_top.bit
targets -set -nocase -filter {name =~ "*microblaze*#0" && bscan=="USER2" }
loadhw -hw C:/Users/bmg32/ECE_385_lab6_2/ECE_385_lab6_2.sdk/mb_usb_hdmi_top/export/mb_usb_hdmi_top/hw/mb_usb_hdmi_top.xsa -regs
configparams mdm-detect-bscan-mask 2
targets -set -nocase -filter {name =~ "*microblaze*#0" && bscan=="USER2" }
rst -system
after 3000
targets -set -nocase -filter {name =~ "*microblaze*#0" && bscan=="USER2" }
dow C:/Users/bmg32/ECE_385_lab6_2/ECE_385_lab6_2.sdk/ECE_385_lab6_2_vitis/Debug/ECE_385_lab6_2_vitis.elf
----------------End of Script----------------

14:57:10 INFO  : Context for processor 'microblaze_0' is selected.
14:57:10 INFO  : 'con' command is executed.
14:57:10 INFO  : ----------------XSDB Script (After Launch)----------------
targets -set -nocase -filter {name =~ "*microblaze*#0" && bscan=="USER2" }
con
----------------End of Script----------------

14:57:10 INFO  : Disconnected from the channel tcfchan#32.
14:59:11 INFO  : Result from executing command 'removePlatformRepo': 
14:59:26 INFO  : Result from executing command 'getProjects': mb_usb_hdmi_top
14:59:26 INFO  : Result from executing command 'getPlatforms': xilinx_vck190_base_202220_1|C:/Xilinx/Vitis/2022.2/base_platforms/xilinx_vck190_base_202220_1/xilinx_vck190_base_202220_1.xpfm;xilinx_vck190_base_dfx_202220_1|C:/Xilinx/Vitis/2022.2/base_platforms/xilinx_vck190_base_dfx_202220_1/xilinx_vck190_base_dfx_202220_1.xpfm;xilinx_vmk180_base_202220_1|C:/Xilinx/Vitis/2022.2/base_platforms/xilinx_vmk180_base_202220_1/xilinx_vmk180_base_202220_1.xpfm;xilinx_zcu102_base_202220_1|C:/Xilinx/Vitis/2022.2/base_platforms/xilinx_zcu102_base_202220_1/xilinx_zcu102_base_202220_1.xpfm;xilinx_zcu102_base_dfx_202220_1|C:/Xilinx/Vitis/2022.2/base_platforms/xilinx_zcu102_base_dfx_202220_1/xilinx_zcu102_base_dfx_202220_1.xpfm;xilinx_zcu104_base_202220_1|C:/Xilinx/Vitis/2022.2/base_platforms/xilinx_zcu104_base_202220_1/xilinx_zcu104_base_202220_1.xpfm
14:59:27 INFO  : Checking for BSP changes to sync application flags for project 'ECE_385_lab6_2_vitis'...
14:59:37 INFO  : Connected to target on host '127.0.0.1' and port '3121'.
14:59:37 INFO  : Jtag cable 'RealDigital Boo 887100000000A' is selected.
14:59:37 INFO  : 'jtag frequency' command is executed.
14:59:37 INFO  : 'targets -set -filter {jtag_cable_name =~ "RealDigital Boo 887100000000A" && level==0 && jtag_device_ctx=="jsn1-0362f093-0"}' command is executed.
14:59:38 INFO  : Device configured successfully with "C:/Users/bmg32/ECE_385_lab6_2/ECE_385_lab6_2.sdk/ECE_385_lab6_2_vitis/_ide/bitstream/mb_usb_hdmi_top.bit"
14:59:38 INFO  : Context for processor 'microblaze_0' is selected.
14:59:38 INFO  : Hardware design and registers information is loaded from 'C:/Users/bmg32/ECE_385_lab6_2/ECE_385_lab6_2.sdk/mb_usb_hdmi_top/export/mb_usb_hdmi_top/hw/mb_usb_hdmi_top.xsa'.
14:59:38 INFO  : 'configparams mdm-detect-bscan-mask 2' command is executed.
14:59:38 INFO  : Context for processor 'microblaze_0' is selected.
14:59:38 INFO  : System reset is completed.
14:59:41 INFO  : 'after 3000' command is executed.
14:59:42 INFO  : Context for processor 'microblaze_0' is selected.
14:59:42 INFO  : The application 'C:/Users/bmg32/ECE_385_lab6_2/ECE_385_lab6_2.sdk/ECE_385_lab6_2_vitis/Debug/ECE_385_lab6_2_vitis.elf' is downloaded to processor 'microblaze_0'.
14:59:42 INFO  : ----------------XSDB Script----------------
connect -url tcp:127.0.0.1:3121
targets -set -filter {jtag_cable_name =~ "RealDigital Boo 887100000000A" && level==0 && jtag_device_ctx=="jsn1-0362f093-0"}
fpga -file C:/Users/bmg32/ECE_385_lab6_2/ECE_385_lab6_2.sdk/ECE_385_lab6_2_vitis/_ide/bitstream/mb_usb_hdmi_top.bit
targets -set -nocase -filter {name =~ "*microblaze*#0" && bscan=="USER2" }
loadhw -hw C:/Users/bmg32/ECE_385_lab6_2/ECE_385_lab6_2.sdk/mb_usb_hdmi_top/export/mb_usb_hdmi_top/hw/mb_usb_hdmi_top.xsa -regs
configparams mdm-detect-bscan-mask 2
targets -set -nocase -filter {name =~ "*microblaze*#0" && bscan=="USER2" }
rst -system
after 3000
targets -set -nocase -filter {name =~ "*microblaze*#0" && bscan=="USER2" }
dow C:/Users/bmg32/ECE_385_lab6_2/ECE_385_lab6_2.sdk/ECE_385_lab6_2_vitis/Debug/ECE_385_lab6_2_vitis.elf
----------------End of Script----------------

14:59:42 INFO  : Context for processor 'microblaze_0' is selected.
14:59:42 INFO  : 'con' command is executed.
14:59:42 INFO  : ----------------XSDB Script (After Launch)----------------
targets -set -nocase -filter {name =~ "*microblaze*#0" && bscan=="USER2" }
con
----------------End of Script----------------

14:59:42 INFO  : Disconnected from the channel tcfchan#35.
15:00:20 INFO  : Checking for BSP changes to sync application flags for project 'ECE_385_lab6_2_vitis'...
15:00:29 INFO  : Connected to target on host '127.0.0.1' and port '3121'.
15:00:29 INFO  : Jtag cable 'RealDigital Boo 887100000000A' is selected.
15:00:29 INFO  : 'jtag frequency' command is executed.
15:00:30 INFO  : 'targets -set -filter {jtag_cable_name =~ "RealDigital Boo 887100000000A" && level==0 && jtag_device_ctx=="jsn1-0362f093-0"}' command is executed.
15:00:31 INFO  : Device configured successfully with "C:/Users/bmg32/ECE_385_lab6_2/ECE_385_lab6_2.sdk/ECE_385_lab6_2_vitis/_ide/bitstream/mb_usb_hdmi_top.bit"
15:00:31 INFO  : Context for processor 'microblaze_0' is selected.
15:00:31 INFO  : Hardware design and registers information is loaded from 'C:/Users/bmg32/ECE_385_lab6_2/ECE_385_lab6_2.sdk/mb_usb_hdmi_top/export/mb_usb_hdmi_top/hw/mb_usb_hdmi_top.xsa'.
15:00:31 INFO  : 'configparams mdm-detect-bscan-mask 2' command is executed.
15:00:31 INFO  : Context for processor 'microblaze_0' is selected.
15:00:31 INFO  : System reset is completed.
15:00:34 INFO  : 'after 3000' command is executed.
15:00:34 INFO  : Context for processor 'microblaze_0' is selected.
15:00:34 INFO  : The application 'C:/Users/bmg32/ECE_385_lab6_2/ECE_385_lab6_2.sdk/ECE_385_lab6_2_vitis/Debug/ECE_385_lab6_2_vitis.elf' is downloaded to processor 'microblaze_0'.
15:00:34 INFO  : ----------------XSDB Script----------------
connect -url tcp:127.0.0.1:3121
targets -set -filter {jtag_cable_name =~ "RealDigital Boo 887100000000A" && level==0 && jtag_device_ctx=="jsn1-0362f093-0"}
fpga -file C:/Users/bmg32/ECE_385_lab6_2/ECE_385_lab6_2.sdk/ECE_385_lab6_2_vitis/_ide/bitstream/mb_usb_hdmi_top.bit
targets -set -nocase -filter {name =~ "*microblaze*#0" && bscan=="USER2" }
loadhw -hw C:/Users/bmg32/ECE_385_lab6_2/ECE_385_lab6_2.sdk/mb_usb_hdmi_top/export/mb_usb_hdmi_top/hw/mb_usb_hdmi_top.xsa -regs
configparams mdm-detect-bscan-mask 2
targets -set -nocase -filter {name =~ "*microblaze*#0" && bscan=="USER2" }
rst -system
after 3000
targets -set -nocase -filter {name =~ "*microblaze*#0" && bscan=="USER2" }
dow C:/Users/bmg32/ECE_385_lab6_2/ECE_385_lab6_2.sdk/ECE_385_lab6_2_vitis/Debug/ECE_385_lab6_2_vitis.elf
----------------End of Script----------------

15:00:34 INFO  : Context for processor 'microblaze_0' is selected.
15:00:34 INFO  : 'con' command is executed.
15:00:34 INFO  : ----------------XSDB Script (After Launch)----------------
targets -set -nocase -filter {name =~ "*microblaze*#0" && bscan=="USER2" }
con
----------------End of Script----------------

15:00:34 INFO  : Disconnected from the channel tcfchan#36.
15:01:19 INFO  : Hardware specification for platform project 'mb_usb_hdmi_top' is updated.
15:01:35 INFO  : Result from executing command 'removePlatformRepo': 
15:01:53 INFO  : Result from executing command 'getProjects': mb_usb_hdmi_top
15:01:53 INFO  : Result from executing command 'getPlatforms': xilinx_vck190_base_202220_1|C:/Xilinx/Vitis/2022.2/base_platforms/xilinx_vck190_base_202220_1/xilinx_vck190_base_202220_1.xpfm;xilinx_vck190_base_dfx_202220_1|C:/Xilinx/Vitis/2022.2/base_platforms/xilinx_vck190_base_dfx_202220_1/xilinx_vck190_base_dfx_202220_1.xpfm;xilinx_vmk180_base_202220_1|C:/Xilinx/Vitis/2022.2/base_platforms/xilinx_vmk180_base_202220_1/xilinx_vmk180_base_202220_1.xpfm;xilinx_zcu102_base_202220_1|C:/Xilinx/Vitis/2022.2/base_platforms/xilinx_zcu102_base_202220_1/xilinx_zcu102_base_202220_1.xpfm;xilinx_zcu102_base_dfx_202220_1|C:/Xilinx/Vitis/2022.2/base_platforms/xilinx_zcu102_base_dfx_202220_1/xilinx_zcu102_base_dfx_202220_1.xpfm;xilinx_zcu104_base_202220_1|C:/Xilinx/Vitis/2022.2/base_platforms/xilinx_zcu104_base_202220_1/xilinx_zcu104_base_202220_1.xpfm
15:01:54 INFO  : Checking for BSP changes to sync application flags for project 'ECE_385_lab6_2_vitis'...
15:01:58 INFO  : The hardware specification used by project 'ECE_385_lab6_2_vitis' is out of sync with the platform. Resource files extracted from the hardware specification will be updated.
15:01:58 INFO  : The file 'C:\Users\bmg32\ECE_385_lab6_2\ECE_385_lab6_2.sdk\ECE_385_lab6_2_vitis\_ide\bitstream\mb_usb_hdmi_top.bit' stored in project is removed.
15:01:58 INFO  : The file 'C:\Users\bmg32\ECE_385_lab6_2\ECE_385_lab6_2.sdk\ECE_385_lab6_2_vitis\_ide\bitstream\mb_usb_hdmi_top.mmi' stored in project is removed.
15:01:58 INFO  : The updated bitstream files are copied from platform to folder 'C:\Users\bmg32\ECE_385_lab6_2\ECE_385_lab6_2.sdk\ECE_385_lab6_2_vitis\_ide\bitstream' in project 'ECE_385_lab6_2_vitis'.
15:02:04 INFO  : Connected to target on host '127.0.0.1' and port '3121'.
15:02:04 INFO  : Jtag cable 'RealDigital Boo 887100000000A' is selected.
15:02:04 INFO  : 'jtag frequency' command is executed.
15:02:04 INFO  : 'targets -set -filter {jtag_cable_name =~ "RealDigital Boo 887100000000A" && level==0 && jtag_device_ctx=="jsn1-0362f093-0"}' command is executed.
15:02:05 INFO  : Device configured successfully with "C:/Users/bmg32/ECE_385_lab6_2/ECE_385_lab6_2.sdk/ECE_385_lab6_2_vitis/_ide/bitstream/mb_usb_hdmi_top.bit"
15:02:05 INFO  : Context for processor 'microblaze_0' is selected.
15:02:06 INFO  : Hardware design and registers information is loaded from 'C:/Users/bmg32/ECE_385_lab6_2/ECE_385_lab6_2.sdk/mb_usb_hdmi_top/export/mb_usb_hdmi_top/hw/mb_usb_hdmi_top.xsa'.
15:02:06 INFO  : 'configparams mdm-detect-bscan-mask 2' command is executed.
15:02:06 INFO  : Context for processor 'microblaze_0' is selected.
15:02:06 INFO  : System reset is completed.
15:02:09 INFO  : 'after 3000' command is executed.
15:02:09 INFO  : Context for processor 'microblaze_0' is selected.
15:02:09 INFO  : The application 'C:/Users/bmg32/ECE_385_lab6_2/ECE_385_lab6_2.sdk/ECE_385_lab6_2_vitis/Debug/ECE_385_lab6_2_vitis.elf' is downloaded to processor 'microblaze_0'.
15:02:09 INFO  : ----------------XSDB Script----------------
connect -url tcp:127.0.0.1:3121
targets -set -filter {jtag_cable_name =~ "RealDigital Boo 887100000000A" && level==0 && jtag_device_ctx=="jsn1-0362f093-0"}
fpga -file C:/Users/bmg32/ECE_385_lab6_2/ECE_385_lab6_2.sdk/ECE_385_lab6_2_vitis/_ide/bitstream/mb_usb_hdmi_top.bit
targets -set -nocase -filter {name =~ "*microblaze*#0" && bscan=="USER2" }
loadhw -hw C:/Users/bmg32/ECE_385_lab6_2/ECE_385_lab6_2.sdk/mb_usb_hdmi_top/export/mb_usb_hdmi_top/hw/mb_usb_hdmi_top.xsa -regs
configparams mdm-detect-bscan-mask 2
targets -set -nocase -filter {name =~ "*microblaze*#0" && bscan=="USER2" }
rst -system
after 3000
targets -set -nocase -filter {name =~ "*microblaze*#0" && bscan=="USER2" }
dow C:/Users/bmg32/ECE_385_lab6_2/ECE_385_lab6_2.sdk/ECE_385_lab6_2_vitis/Debug/ECE_385_lab6_2_vitis.elf
----------------End of Script----------------

15:02:09 INFO  : Context for processor 'microblaze_0' is selected.
15:02:09 INFO  : 'con' command is executed.
15:02:09 INFO  : ----------------XSDB Script (After Launch)----------------
targets -set -nocase -filter {name =~ "*microblaze*#0" && bscan=="USER2" }
con
----------------End of Script----------------

15:02:09 INFO  : Disconnected from the channel tcfchan#39.
15:04:42 DEBUG : Logs will be stored at 'C:/Users/bmg32/ECE_385_lab6_2/ECE_385_lab6_2.sdk/IDE.log'.
15:04:44 INFO  : Launching XSCT server: xsct.bat -n  -interactive C:\Users\bmg32\ECE_385_lab6_2\ECE_385_lab6_2.sdk\temp_xsdb_launch_script.tcl
15:04:48 INFO  : XSCT server has started successfully.
15:04:48 INFO  : Successfully done setting XSCT server connection channel  
15:04:48 INFO  : plnx-install-location is set to ''
15:04:48 INFO  : Successfully done setting workspace for the tool. 
15:04:53 INFO  : Registering command handlers for Vitis TCF services
15:04:54 INFO  : Successfully done query RDI_DATADIR 
15:04:55 INFO  : Platform repository initialization has completed.
15:05:20 INFO  : Connected to target on host '127.0.0.1' and port '3121'.
15:05:21 INFO  : Jtag cable 'RealDigital Boo 887100000000A' is selected.
15:05:21 INFO  : 'jtag frequency' command is executed.
15:05:21 INFO  : 'targets -set -filter {jtag_cable_name =~ "RealDigital Boo 887100000000A" && level==0 && jtag_device_ctx=="jsn1-0362f093-0"}' command is executed.
15:05:22 INFO  : Device configured successfully with "C:/Users/bmg32/ECE_385_lab6_2/ECE_385_lab6_2.sdk/ECE_385_lab6_2_vitis/_ide/bitstream/mb_usb_hdmi_top.bit"
15:05:22 INFO  : Context for processor 'microblaze_0' is selected.
15:05:23 INFO  : Hardware design and registers information is loaded from 'C:/Users/bmg32/ECE_385_lab6_2/ECE_385_lab6_2.sdk/mb_usb_hdmi_top/export/mb_usb_hdmi_top/hw/mb_usb_hdmi_top.xsa'.
15:05:23 INFO  : 'configparams mdm-detect-bscan-mask 2' command is executed.
15:05:23 INFO  : Context for processor 'microblaze_0' is selected.
15:05:23 INFO  : System reset is completed.
15:05:26 INFO  : 'after 3000' command is executed.
15:05:26 INFO  : Context for processor 'microblaze_0' is selected.
15:05:26 INFO  : The application 'C:/Users/bmg32/ECE_385_lab6_2/ECE_385_lab6_2.sdk/ECE_385_lab6_2_vitis/Debug/ECE_385_lab6_2_vitis.elf' is downloaded to processor 'microblaze_0'.
15:05:26 INFO  : ----------------XSDB Script----------------
connect -url tcp:127.0.0.1:3121
targets -set -filter {jtag_cable_name =~ "RealDigital Boo 887100000000A" && level==0 && jtag_device_ctx=="jsn1-0362f093-0"}
fpga -file C:/Users/bmg32/ECE_385_lab6_2/ECE_385_lab6_2.sdk/ECE_385_lab6_2_vitis/_ide/bitstream/mb_usb_hdmi_top.bit
targets -set -nocase -filter {name =~ "*microblaze*#0" && bscan=="USER2" }
loadhw -hw C:/Users/bmg32/ECE_385_lab6_2/ECE_385_lab6_2.sdk/mb_usb_hdmi_top/export/mb_usb_hdmi_top/hw/mb_usb_hdmi_top.xsa -regs
configparams mdm-detect-bscan-mask 2
targets -set -nocase -filter {name =~ "*microblaze*#0" && bscan=="USER2" }
rst -system
after 3000
targets -set -nocase -filter {name =~ "*microblaze*#0" && bscan=="USER2" }
dow C:/Users/bmg32/ECE_385_lab6_2/ECE_385_lab6_2.sdk/ECE_385_lab6_2_vitis/Debug/ECE_385_lab6_2_vitis.elf
----------------End of Script----------------

15:05:26 INFO  : Context for processor 'microblaze_0' is selected.
15:05:26 INFO  : 'con' command is executed.
15:05:26 INFO  : ----------------XSDB Script (After Launch)----------------
targets -set -nocase -filter {name =~ "*microblaze*#0" && bscan=="USER2" }
con
----------------End of Script----------------

15:05:26 INFO  : Disconnected from the channel tcfchan#1.
15:06:27 INFO  : Result from executing command 'removePlatformRepo': 
15:06:45 INFO  : Result from executing command 'getProjects': mb_usb_hdmi_top
15:06:45 INFO  : Result from executing command 'getPlatforms': xilinx_vck190_base_202220_1|C:/Xilinx/Vitis/2022.2/base_platforms/xilinx_vck190_base_202220_1/xilinx_vck190_base_202220_1.xpfm;xilinx_vck190_base_dfx_202220_1|C:/Xilinx/Vitis/2022.2/base_platforms/xilinx_vck190_base_dfx_202220_1/xilinx_vck190_base_dfx_202220_1.xpfm;xilinx_vmk180_base_202220_1|C:/Xilinx/Vitis/2022.2/base_platforms/xilinx_vmk180_base_202220_1/xilinx_vmk180_base_202220_1.xpfm;xilinx_zcu102_base_202220_1|C:/Xilinx/Vitis/2022.2/base_platforms/xilinx_zcu102_base_202220_1/xilinx_zcu102_base_202220_1.xpfm;xilinx_zcu102_base_dfx_202220_1|C:/Xilinx/Vitis/2022.2/base_platforms/xilinx_zcu102_base_dfx_202220_1/xilinx_zcu102_base_dfx_202220_1.xpfm;xilinx_zcu104_base_202220_1|C:/Xilinx/Vitis/2022.2/base_platforms/xilinx_zcu104_base_202220_1/xilinx_zcu104_base_202220_1.xpfm
15:06:46 INFO  : Checking for BSP changes to sync application flags for project 'ECE_385_lab6_2_vitis'...
15:07:51 INFO  : Checking for BSP changes to sync application flags for project 'ECE_385_lab6_2_vitis'...
15:07:59 INFO  : Connected to target on host '127.0.0.1' and port '3121'.
15:07:59 INFO  : Jtag cable 'RealDigital Boo 887100000000A' is selected.
15:07:59 INFO  : 'jtag frequency' command is executed.
15:07:59 INFO  : 'targets -set -filter {jtag_cable_name =~ "RealDigital Boo 887100000000A" && level==0 && jtag_device_ctx=="jsn1-0362f093-0"}' command is executed.
15:08:00 INFO  : Device configured successfully with "C:/Users/bmg32/ECE_385_lab6_2/ECE_385_lab6_2.sdk/ECE_385_lab6_2_vitis/_ide/bitstream/mb_usb_hdmi_top.bit"
15:08:01 INFO  : Context for processor 'microblaze_0' is selected.
15:08:01 INFO  : Hardware design and registers information is loaded from 'C:/Users/bmg32/ECE_385_lab6_2/ECE_385_lab6_2.sdk/mb_usb_hdmi_top/export/mb_usb_hdmi_top/hw/mb_usb_hdmi_top.xsa'.
15:08:01 INFO  : 'configparams mdm-detect-bscan-mask 2' command is executed.
15:08:01 INFO  : Context for processor 'microblaze_0' is selected.
15:08:01 INFO  : System reset is completed.
15:08:04 INFO  : 'after 3000' command is executed.
15:08:04 INFO  : Context for processor 'microblaze_0' is selected.
15:08:04 INFO  : The application 'C:/Users/bmg32/ECE_385_lab6_2/ECE_385_lab6_2.sdk/ECE_385_lab6_2_vitis/Debug/ECE_385_lab6_2_vitis.elf' is downloaded to processor 'microblaze_0'.
15:08:04 INFO  : ----------------XSDB Script----------------
connect -url tcp:127.0.0.1:3121
targets -set -filter {jtag_cable_name =~ "RealDigital Boo 887100000000A" && level==0 && jtag_device_ctx=="jsn1-0362f093-0"}
fpga -file C:/Users/bmg32/ECE_385_lab6_2/ECE_385_lab6_2.sdk/ECE_385_lab6_2_vitis/_ide/bitstream/mb_usb_hdmi_top.bit
targets -set -nocase -filter {name =~ "*microblaze*#0" && bscan=="USER2" }
loadhw -hw C:/Users/bmg32/ECE_385_lab6_2/ECE_385_lab6_2.sdk/mb_usb_hdmi_top/export/mb_usb_hdmi_top/hw/mb_usb_hdmi_top.xsa -regs
configparams mdm-detect-bscan-mask 2
targets -set -nocase -filter {name =~ "*microblaze*#0" && bscan=="USER2" }
rst -system
after 3000
targets -set -nocase -filter {name =~ "*microblaze*#0" && bscan=="USER2" }
dow C:/Users/bmg32/ECE_385_lab6_2/ECE_385_lab6_2.sdk/ECE_385_lab6_2_vitis/Debug/ECE_385_lab6_2_vitis.elf
----------------End of Script----------------

15:08:04 INFO  : Context for processor 'microblaze_0' is selected.
15:08:04 INFO  : 'con' command is executed.
15:08:04 INFO  : ----------------XSDB Script (After Launch)----------------
targets -set -nocase -filter {name =~ "*microblaze*#0" && bscan=="USER2" }
con
----------------End of Script----------------

15:08:04 INFO  : Disconnected from the channel tcfchan#4.
15:51:23 INFO  : Checking for BSP changes to sync application flags for project 'ECE_385_lab6_2_vitis'...
15:51:30 INFO  : Connected to target on host '127.0.0.1' and port '3121'.
15:51:30 INFO  : Jtag cable 'RealDigital Boo 887100000000A' is selected.
15:51:30 INFO  : 'jtag frequency' command is executed.
15:51:30 INFO  : 'targets -set -filter {jtag_cable_name =~ "RealDigital Boo 887100000000A" && level==0 && jtag_device_ctx=="jsn1-0362f093-0"}' command is executed.
15:51:31 INFO  : Device configured successfully with "C:/Users/bmg32/ECE_385_lab6_2/ECE_385_lab6_2.sdk/ECE_385_lab6_2_vitis/_ide/bitstream/mb_usb_hdmi_top.bit"
15:51:32 INFO  : Context for processor 'microblaze_0' is selected.
15:51:32 INFO  : Hardware design and registers information is loaded from 'C:/Users/bmg32/ECE_385_lab6_2/ECE_385_lab6_2.sdk/mb_usb_hdmi_top/export/mb_usb_hdmi_top/hw/mb_usb_hdmi_top.xsa'.
15:51:32 INFO  : 'configparams mdm-detect-bscan-mask 2' command is executed.
15:51:32 INFO  : Context for processor 'microblaze_0' is selected.
15:51:32 INFO  : System reset is completed.
15:51:35 INFO  : 'after 3000' command is executed.
15:51:35 INFO  : Context for processor 'microblaze_0' is selected.
15:51:35 INFO  : The application 'C:/Users/bmg32/ECE_385_lab6_2/ECE_385_lab6_2.sdk/ECE_385_lab6_2_vitis/Debug/ECE_385_lab6_2_vitis.elf' is downloaded to processor 'microblaze_0'.
15:51:35 INFO  : ----------------XSDB Script----------------
connect -url tcp:127.0.0.1:3121
targets -set -filter {jtag_cable_name =~ "RealDigital Boo 887100000000A" && level==0 && jtag_device_ctx=="jsn1-0362f093-0"}
fpga -file C:/Users/bmg32/ECE_385_lab6_2/ECE_385_lab6_2.sdk/ECE_385_lab6_2_vitis/_ide/bitstream/mb_usb_hdmi_top.bit
targets -set -nocase -filter {name =~ "*microblaze*#0" && bscan=="USER2" }
loadhw -hw C:/Users/bmg32/ECE_385_lab6_2/ECE_385_lab6_2.sdk/mb_usb_hdmi_top/export/mb_usb_hdmi_top/hw/mb_usb_hdmi_top.xsa -regs
configparams mdm-detect-bscan-mask 2
targets -set -nocase -filter {name =~ "*microblaze*#0" && bscan=="USER2" }
rst -system
after 3000
targets -set -nocase -filter {name =~ "*microblaze*#0" && bscan=="USER2" }
dow C:/Users/bmg32/ECE_385_lab6_2/ECE_385_lab6_2.sdk/ECE_385_lab6_2_vitis/Debug/ECE_385_lab6_2_vitis.elf
----------------End of Script----------------

15:51:35 INFO  : Context for processor 'microblaze_0' is selected.
15:51:35 INFO  : 'con' command is executed.
15:51:35 INFO  : ----------------XSDB Script (After Launch)----------------
targets -set -nocase -filter {name =~ "*microblaze*#0" && bscan=="USER2" }
con
----------------End of Script----------------

15:51:35 INFO  : Disconnected from the channel tcfchan#5.
18:33:35 DEBUG : Logs will be stored at 'C:/Users/bmg32/ECE_385_lab6_2/ECE_385_lab6_2.sdk/IDE.log'.
18:33:36 INFO  : Launching XSCT server: xsct.bat -n  -interactive C:\Users\bmg32\ECE_385_lab6_2\ECE_385_lab6_2.sdk\temp_xsdb_launch_script.tcl
18:33:38 INFO  : XSCT server has started successfully.
18:33:38 INFO  : Successfully done setting XSCT server connection channel  
18:33:38 INFO  : plnx-install-location is set to ''
18:33:38 INFO  : Successfully done setting workspace for the tool. 
18:33:39 INFO  : Registering command handlers for Vitis TCF services
18:33:40 INFO  : Successfully done query RDI_DATADIR 
18:33:40 INFO  : Platform repository initialization has completed.
15:35:14 DEBUG : Logs will be stored at 'C:/Users/bmg32/ECE_385_lab6_2/ECE_385_lab6_2.sdk/IDE.log'.
15:35:15 INFO  : Launching XSCT server: xsct.bat -n  -interactive C:\Users\bmg32\ECE_385_lab6_2\ECE_385_lab6_2.sdk\temp_xsdb_launch_script.tcl
15:35:17 INFO  : XSCT server has started successfully.
15:35:17 INFO  : plnx-install-location is set to ''
15:35:17 INFO  : Successfully done setting XSCT server connection channel  
15:35:17 INFO  : Successfully done setting workspace for the tool. 
15:35:18 INFO  : Registering command handlers for Vitis TCF services
15:35:18 INFO  : Successfully done query RDI_DATADIR 
15:35:19 INFO  : Platform repository initialization has completed.
15:37:03 DEBUG : Logs will be stored at 'C:/Users/bmg32/ECE_385_lab6_2/ECE_385_lab6_2.sdk/IDE.log'.
15:37:04 INFO  : Launching XSCT server: xsct.bat -n  -interactive C:\Users\bmg32\ECE_385_lab6_2\ECE_385_lab6_2.sdk\temp_xsdb_launch_script.tcl
15:37:07 INFO  : Registering command handlers for Vitis TCF services
15:37:07 INFO  : Platform repository initialization has completed.
15:37:08 INFO  : XSCT server has started successfully.
15:37:08 INFO  : plnx-install-location is set to ''
15:37:08 INFO  : Successfully done setting XSCT server connection channel  
15:37:09 INFO  : Successfully done setting workspace for the tool. 
15:37:09 INFO  : Successfully done query RDI_DATADIR 
15:37:49 INFO  : Hardware specification for platform project 'mb_usb_hdmi_top' is updated.
15:38:01 INFO  : Result from executing command 'removePlatformRepo': 
15:38:14 INFO  : Result from executing command 'getProjects': mb_usb_hdmi_top
15:38:14 INFO  : Result from executing command 'getPlatforms': xilinx_vck190_base_202220_1|C:/Xilinx/Vitis/2022.2/base_platforms/xilinx_vck190_base_202220_1/xilinx_vck190_base_202220_1.xpfm;xilinx_vck190_base_dfx_202220_1|C:/Xilinx/Vitis/2022.2/base_platforms/xilinx_vck190_base_dfx_202220_1/xilinx_vck190_base_dfx_202220_1.xpfm;xilinx_vmk180_base_202220_1|C:/Xilinx/Vitis/2022.2/base_platforms/xilinx_vmk180_base_202220_1/xilinx_vmk180_base_202220_1.xpfm;xilinx_zcu102_base_202220_1|C:/Xilinx/Vitis/2022.2/base_platforms/xilinx_zcu102_base_202220_1/xilinx_zcu102_base_202220_1.xpfm;xilinx_zcu102_base_dfx_202220_1|C:/Xilinx/Vitis/2022.2/base_platforms/xilinx_zcu102_base_dfx_202220_1/xilinx_zcu102_base_dfx_202220_1.xpfm;xilinx_zcu104_base_202220_1|C:/Xilinx/Vitis/2022.2/base_platforms/xilinx_zcu104_base_202220_1/xilinx_zcu104_base_202220_1.xpfm
15:38:15 INFO  : Checking for BSP changes to sync application flags for project 'ECE_385_lab6_2_vitis'...
15:38:19 INFO  : The hardware specification used by project 'ECE_385_lab6_2_vitis' is out of sync with the platform. Resource files extracted from the hardware specification will be updated.
15:38:19 INFO  : The file 'C:\Users\bmg32\ECE_385_lab6_2\ECE_385_lab6_2.sdk\ECE_385_lab6_2_vitis\_ide\bitstream\mb_usb_hdmi_top.bit' stored in project is removed.
15:38:19 INFO  : The file 'C:\Users\bmg32\ECE_385_lab6_2\ECE_385_lab6_2.sdk\ECE_385_lab6_2_vitis\_ide\bitstream\mb_usb_hdmi_top.mmi' stored in project is removed.
15:38:19 INFO  : The updated bitstream files are copied from platform to folder 'C:\Users\bmg32\ECE_385_lab6_2\ECE_385_lab6_2.sdk\ECE_385_lab6_2_vitis\_ide\bitstream' in project 'ECE_385_lab6_2_vitis'.
15:38:39 INFO  : Connected to target on host '127.0.0.1' and port '3121'.
15:38:40 INFO  : Jtag cable 'RealDigital Boo 887100000002A' is selected.
15:38:40 INFO  : 'jtag frequency' command is executed.
15:38:40 INFO  : 'targets -set -filter {jtag_cable_name =~ "RealDigital Boo 887100000002A" && level==0 && jtag_device_ctx=="jsn1-0362f093-0"}' command is executed.
15:38:41 INFO  : Device configured successfully with "C:/Users/bmg32/ECE_385_lab6_2/ECE_385_lab6_2.sdk/ECE_385_lab6_2_vitis/_ide/bitstream/mb_usb_hdmi_top.bit"
15:38:42 INFO  : Context for processor 'microblaze_0' is selected.
15:38:42 INFO  : Hardware design and registers information is loaded from 'C:/Users/bmg32/ECE_385_lab6_2/ECE_385_lab6_2.sdk/mb_usb_hdmi_top/export/mb_usb_hdmi_top/hw/mb_usb_hdmi_top.xsa'.
15:38:42 INFO  : 'configparams mdm-detect-bscan-mask 2' command is executed.
15:38:42 INFO  : Context for processor 'microblaze_0' is selected.
15:38:42 INFO  : System reset is completed.
15:38:45 INFO  : 'after 3000' command is executed.
15:38:45 INFO  : Context for processor 'microblaze_0' is selected.
15:38:45 INFO  : The application 'C:/Users/bmg32/ECE_385_lab6_2/ECE_385_lab6_2.sdk/ECE_385_lab6_2_vitis/Debug/ECE_385_lab6_2_vitis.elf' is downloaded to processor 'microblaze_0'.
15:38:45 INFO  : ----------------XSDB Script----------------
connect -url tcp:127.0.0.1:3121
targets -set -filter {jtag_cable_name =~ "RealDigital Boo 887100000002A" && level==0 && jtag_device_ctx=="jsn1-0362f093-0"}
fpga -file C:/Users/bmg32/ECE_385_lab6_2/ECE_385_lab6_2.sdk/ECE_385_lab6_2_vitis/_ide/bitstream/mb_usb_hdmi_top.bit
targets -set -nocase -filter {name =~ "*microblaze*#0" && bscan=="USER2" }
loadhw -hw C:/Users/bmg32/ECE_385_lab6_2/ECE_385_lab6_2.sdk/mb_usb_hdmi_top/export/mb_usb_hdmi_top/hw/mb_usb_hdmi_top.xsa -regs
configparams mdm-detect-bscan-mask 2
targets -set -nocase -filter {name =~ "*microblaze*#0" && bscan=="USER2" }
rst -system
after 3000
targets -set -nocase -filter {name =~ "*microblaze*#0" && bscan=="USER2" }
dow C:/Users/bmg32/ECE_385_lab6_2/ECE_385_lab6_2.sdk/ECE_385_lab6_2_vitis/Debug/ECE_385_lab6_2_vitis.elf
----------------End of Script----------------

15:38:45 INFO  : Context for processor 'microblaze_0' is selected.
15:38:45 INFO  : 'con' command is executed.
15:38:45 INFO  : ----------------XSDB Script (After Launch)----------------
targets -set -nocase -filter {name =~ "*microblaze*#0" && bscan=="USER2" }
con
----------------End of Script----------------

15:38:45 INFO  : Disconnected from the channel tcfchan#3.
15:44:23 INFO  : Connected to target on host '127.0.0.1' and port '3121'.
15:44:24 INFO  : Jtag cable 'RealDigital Boo 887100000002A' is selected.
15:44:24 INFO  : 'jtag frequency' command is executed.
15:44:24 INFO  : 'targets -set -filter {jtag_cable_name =~ "RealDigital Boo 887100000002A" && level==0 && jtag_device_ctx=="jsn1-0362f093-0"}' command is executed.
15:44:25 INFO  : Device configured successfully with "C:/Users/bmg32/ECE_385_lab6_2/ECE_385_lab6_2.sdk/ECE_385_lab6_2_vitis/_ide/bitstream/mb_usb_hdmi_top.bit"
15:44:25 INFO  : Context for processor 'microblaze_0' is selected.
15:44:25 INFO  : Hardware design and registers information is loaded from 'C:/Users/bmg32/ECE_385_lab6_2/ECE_385_lab6_2.sdk/mb_usb_hdmi_top/export/mb_usb_hdmi_top/hw/mb_usb_hdmi_top.xsa'.
15:44:25 INFO  : 'configparams mdm-detect-bscan-mask 2' command is executed.
15:44:25 INFO  : Context for processor 'microblaze_0' is selected.
15:44:25 INFO  : System reset is completed.
15:44:28 INFO  : 'after 3000' command is executed.
15:44:28 INFO  : Context for processor 'microblaze_0' is selected.
15:44:28 INFO  : The application 'C:/Users/bmg32/ECE_385_lab6_2/ECE_385_lab6_2.sdk/ECE_385_lab6_2_vitis/Debug/ECE_385_lab6_2_vitis.elf' is downloaded to processor 'microblaze_0'.
15:44:28 INFO  : ----------------XSDB Script----------------
connect -url tcp:127.0.0.1:3121
targets -set -filter {jtag_cable_name =~ "RealDigital Boo 887100000002A" && level==0 && jtag_device_ctx=="jsn1-0362f093-0"}
fpga -file C:/Users/bmg32/ECE_385_lab6_2/ECE_385_lab6_2.sdk/ECE_385_lab6_2_vitis/_ide/bitstream/mb_usb_hdmi_top.bit
targets -set -nocase -filter {name =~ "*microblaze*#0" && bscan=="USER2" }
loadhw -hw C:/Users/bmg32/ECE_385_lab6_2/ECE_385_lab6_2.sdk/mb_usb_hdmi_top/export/mb_usb_hdmi_top/hw/mb_usb_hdmi_top.xsa -regs
configparams mdm-detect-bscan-mask 2
targets -set -nocase -filter {name =~ "*microblaze*#0" && bscan=="USER2" }
rst -system
after 3000
targets -set -nocase -filter {name =~ "*microblaze*#0" && bscan=="USER2" }
dow C:/Users/bmg32/ECE_385_lab6_2/ECE_385_lab6_2.sdk/ECE_385_lab6_2_vitis/Debug/ECE_385_lab6_2_vitis.elf
----------------End of Script----------------

15:44:28 INFO  : Context for processor 'microblaze_0' is selected.
15:44:28 INFO  : 'con' command is executed.
15:44:28 INFO  : ----------------XSDB Script (After Launch)----------------
targets -set -nocase -filter {name =~ "*microblaze*#0" && bscan=="USER2" }
con
----------------End of Script----------------

15:44:28 INFO  : Disconnected from the channel tcfchan#4.
15:49:43 INFO  : Hardware specification for platform project 'mb_usb_hdmi_top' is updated.
15:49:59 INFO  : Result from executing command 'removePlatformRepo': 
15:50:06 INFO  : Result from executing command 'getProjects': mb_usb_hdmi_top
15:50:06 INFO  : Result from executing command 'getPlatforms': xilinx_vck190_base_202220_1|C:/Xilinx/Vitis/2022.2/base_platforms/xilinx_vck190_base_202220_1/xilinx_vck190_base_202220_1.xpfm;xilinx_vck190_base_dfx_202220_1|C:/Xilinx/Vitis/2022.2/base_platforms/xilinx_vck190_base_dfx_202220_1/xilinx_vck190_base_dfx_202220_1.xpfm;xilinx_vmk180_base_202220_1|C:/Xilinx/Vitis/2022.2/base_platforms/xilinx_vmk180_base_202220_1/xilinx_vmk180_base_202220_1.xpfm;xilinx_zcu102_base_202220_1|C:/Xilinx/Vitis/2022.2/base_platforms/xilinx_zcu102_base_202220_1/xilinx_zcu102_base_202220_1.xpfm;xilinx_zcu102_base_dfx_202220_1|C:/Xilinx/Vitis/2022.2/base_platforms/xilinx_zcu102_base_dfx_202220_1/xilinx_zcu102_base_dfx_202220_1.xpfm;xilinx_zcu104_base_202220_1|C:/Xilinx/Vitis/2022.2/base_platforms/xilinx_zcu104_base_202220_1/xilinx_zcu104_base_202220_1.xpfm
15:50:07 INFO  : Checking for BSP changes to sync application flags for project 'ECE_385_lab6_2_vitis'...
15:50:09 INFO  : The hardware specification used by project 'ECE_385_lab6_2_vitis' is out of sync with the platform. Resource files extracted from the hardware specification will be updated.
15:50:09 INFO  : The file 'C:\Users\bmg32\ECE_385_lab6_2\ECE_385_lab6_2.sdk\ECE_385_lab6_2_vitis\_ide\bitstream\mb_usb_hdmi_top.bit' stored in project is removed.
15:50:09 INFO  : The file 'C:\Users\bmg32\ECE_385_lab6_2\ECE_385_lab6_2.sdk\ECE_385_lab6_2_vitis\_ide\bitstream\mb_usb_hdmi_top.mmi' stored in project is removed.
15:50:09 INFO  : The updated bitstream files are copied from platform to folder 'C:\Users\bmg32\ECE_385_lab6_2\ECE_385_lab6_2.sdk\ECE_385_lab6_2_vitis\_ide\bitstream' in project 'ECE_385_lab6_2_vitis'.
15:50:15 INFO  : Connected to target on host '127.0.0.1' and port '3121'.
15:50:15 INFO  : Jtag cable 'RealDigital Boo 887100000002A' is selected.
15:50:15 INFO  : 'jtag frequency' command is executed.
15:50:16 INFO  : 'targets -set -filter {jtag_cable_name =~ "RealDigital Boo 887100000002A" && level==0 && jtag_device_ctx=="jsn1-0362f093-0"}' command is executed.
15:50:17 INFO  : Device configured successfully with "C:/Users/bmg32/ECE_385_lab6_2/ECE_385_lab6_2.sdk/ECE_385_lab6_2_vitis/_ide/bitstream/mb_usb_hdmi_top.bit"
15:50:17 INFO  : Context for processor 'microblaze_0' is selected.
15:50:17 INFO  : Hardware design and registers information is loaded from 'C:/Users/bmg32/ECE_385_lab6_2/ECE_385_lab6_2.sdk/mb_usb_hdmi_top/export/mb_usb_hdmi_top/hw/mb_usb_hdmi_top.xsa'.
15:50:17 INFO  : 'configparams mdm-detect-bscan-mask 2' command is executed.
15:50:17 INFO  : Context for processor 'microblaze_0' is selected.
15:50:17 INFO  : System reset is completed.
15:50:20 INFO  : 'after 3000' command is executed.
15:50:20 INFO  : Context for processor 'microblaze_0' is selected.
15:50:20 INFO  : The application 'C:/Users/bmg32/ECE_385_lab6_2/ECE_385_lab6_2.sdk/ECE_385_lab6_2_vitis/Debug/ECE_385_lab6_2_vitis.elf' is downloaded to processor 'microblaze_0'.
15:50:20 INFO  : ----------------XSDB Script----------------
connect -url tcp:127.0.0.1:3121
targets -set -filter {jtag_cable_name =~ "RealDigital Boo 887100000002A" && level==0 && jtag_device_ctx=="jsn1-0362f093-0"}
fpga -file C:/Users/bmg32/ECE_385_lab6_2/ECE_385_lab6_2.sdk/ECE_385_lab6_2_vitis/_ide/bitstream/mb_usb_hdmi_top.bit
targets -set -nocase -filter {name =~ "*microblaze*#0" && bscan=="USER2" }
loadhw -hw C:/Users/bmg32/ECE_385_lab6_2/ECE_385_lab6_2.sdk/mb_usb_hdmi_top/export/mb_usb_hdmi_top/hw/mb_usb_hdmi_top.xsa -regs
configparams mdm-detect-bscan-mask 2
targets -set -nocase -filter {name =~ "*microblaze*#0" && bscan=="USER2" }
rst -system
after 3000
targets -set -nocase -filter {name =~ "*microblaze*#0" && bscan=="USER2" }
dow C:/Users/bmg32/ECE_385_lab6_2/ECE_385_lab6_2.sdk/ECE_385_lab6_2_vitis/Debug/ECE_385_lab6_2_vitis.elf
----------------End of Script----------------

15:50:20 INFO  : Context for processor 'microblaze_0' is selected.
15:50:20 INFO  : 'con' command is executed.
15:50:20 INFO  : ----------------XSDB Script (After Launch)----------------
targets -set -nocase -filter {name =~ "*microblaze*#0" && bscan=="USER2" }
con
----------------End of Script----------------

15:50:20 INFO  : Disconnected from the channel tcfchan#7.
15:54:20 INFO  : Hardware specification for platform project 'mb_usb_hdmi_top' is updated.
15:55:00 INFO  : Result from executing command 'getProjects': mb_usb_hdmi_top
15:55:00 INFO  : Result from executing command 'getPlatforms': mb_usb_hdmi_top|C:/Users/bmg32/ECE_385_lab6_2/ECE_385_lab6_2.sdk/mb_usb_hdmi_top/export/mb_usb_hdmi_top/mb_usb_hdmi_top.xpfm;xilinx_vck190_base_202220_1|C:/Xilinx/Vitis/2022.2/base_platforms/xilinx_vck190_base_202220_1/xilinx_vck190_base_202220_1.xpfm;xilinx_vck190_base_dfx_202220_1|C:/Xilinx/Vitis/2022.2/base_platforms/xilinx_vck190_base_dfx_202220_1/xilinx_vck190_base_dfx_202220_1.xpfm;xilinx_vmk180_base_202220_1|C:/Xilinx/Vitis/2022.2/base_platforms/xilinx_vmk180_base_202220_1/xilinx_vmk180_base_202220_1.xpfm;xilinx_zcu102_base_202220_1|C:/Xilinx/Vitis/2022.2/base_platforms/xilinx_zcu102_base_202220_1/xilinx_zcu102_base_202220_1.xpfm;xilinx_zcu102_base_dfx_202220_1|C:/Xilinx/Vitis/2022.2/base_platforms/xilinx_zcu102_base_dfx_202220_1/xilinx_zcu102_base_dfx_202220_1.xpfm;xilinx_zcu104_base_202220_1|C:/Xilinx/Vitis/2022.2/base_platforms/xilinx_zcu104_base_202220_1/xilinx_zcu104_base_202220_1.xpfm
15:55:01 INFO  : Checking for BSP changes to sync application flags for project 'ECE_385_lab6_2_vitis'...
15:55:03 INFO  : The hardware specification used by project 'ECE_385_lab6_2_vitis' is out of sync with the platform. Resource files extracted from the hardware specification will be updated.
15:55:03 INFO  : The file 'C:\Users\bmg32\ECE_385_lab6_2\ECE_385_lab6_2.sdk\ECE_385_lab6_2_vitis\_ide\bitstream\mb_usb_hdmi_top.bit' stored in project is removed.
15:55:03 INFO  : The file 'C:\Users\bmg32\ECE_385_lab6_2\ECE_385_lab6_2.sdk\ECE_385_lab6_2_vitis\_ide\bitstream\mb_usb_hdmi_top.mmi' stored in project is removed.
15:55:03 INFO  : The updated bitstream files are copied from platform to folder 'C:\Users\bmg32\ECE_385_lab6_2\ECE_385_lab6_2.sdk\ECE_385_lab6_2_vitis\_ide\bitstream' in project 'ECE_385_lab6_2_vitis'.
15:55:09 INFO  : Result from executing command 'removePlatformRepo': 
15:55:15 INFO  : Result from executing command 'getProjects': mb_usb_hdmi_top
15:55:15 INFO  : Result from executing command 'getPlatforms': xilinx_vck190_base_202220_1|C:/Xilinx/Vitis/2022.2/base_platforms/xilinx_vck190_base_202220_1/xilinx_vck190_base_202220_1.xpfm;xilinx_vck190_base_dfx_202220_1|C:/Xilinx/Vitis/2022.2/base_platforms/xilinx_vck190_base_dfx_202220_1/xilinx_vck190_base_dfx_202220_1.xpfm;xilinx_vmk180_base_202220_1|C:/Xilinx/Vitis/2022.2/base_platforms/xilinx_vmk180_base_202220_1/xilinx_vmk180_base_202220_1.xpfm;xilinx_zcu102_base_202220_1|C:/Xilinx/Vitis/2022.2/base_platforms/xilinx_zcu102_base_202220_1/xilinx_zcu102_base_202220_1.xpfm;xilinx_zcu102_base_dfx_202220_1|C:/Xilinx/Vitis/2022.2/base_platforms/xilinx_zcu102_base_dfx_202220_1/xilinx_zcu102_base_dfx_202220_1.xpfm;xilinx_zcu104_base_202220_1|C:/Xilinx/Vitis/2022.2/base_platforms/xilinx_zcu104_base_202220_1/xilinx_zcu104_base_202220_1.xpfm
15:55:16 INFO  : Checking for BSP changes to sync application flags for project 'ECE_385_lab6_2_vitis'...
15:55:25 INFO  : Connected to target on host '127.0.0.1' and port '3121'.
15:55:26 INFO  : Jtag cable 'RealDigital Boo 887100000002A' is selected.
15:55:26 INFO  : 'jtag frequency' command is executed.
15:55:26 INFO  : 'targets -set -filter {jtag_cable_name =~ "RealDigital Boo 887100000002A" && level==0 && jtag_device_ctx=="jsn1-0362f093-0"}' command is executed.
15:55:27 INFO  : Device configured successfully with "C:/Users/bmg32/ECE_385_lab6_2/ECE_385_lab6_2.sdk/ECE_385_lab6_2_vitis/_ide/bitstream/mb_usb_hdmi_top.bit"
15:55:27 INFO  : Context for processor 'microblaze_0' is selected.
15:55:27 INFO  : Hardware design and registers information is loaded from 'C:/Users/bmg32/ECE_385_lab6_2/ECE_385_lab6_2.sdk/mb_usb_hdmi_top/export/mb_usb_hdmi_top/hw/mb_usb_hdmi_top.xsa'.
15:55:27 INFO  : 'configparams mdm-detect-bscan-mask 2' command is executed.
15:55:27 INFO  : Context for processor 'microblaze_0' is selected.
15:55:27 INFO  : System reset is completed.
15:55:30 INFO  : 'after 3000' command is executed.
15:55:30 INFO  : Context for processor 'microblaze_0' is selected.
15:55:31 INFO  : The application 'C:/Users/bmg32/ECE_385_lab6_2/ECE_385_lab6_2.sdk/ECE_385_lab6_2_vitis/Debug/ECE_385_lab6_2_vitis.elf' is downloaded to processor 'microblaze_0'.
15:55:31 INFO  : ----------------XSDB Script----------------
connect -url tcp:127.0.0.1:3121
targets -set -filter {jtag_cable_name =~ "RealDigital Boo 887100000002A" && level==0 && jtag_device_ctx=="jsn1-0362f093-0"}
fpga -file C:/Users/bmg32/ECE_385_lab6_2/ECE_385_lab6_2.sdk/ECE_385_lab6_2_vitis/_ide/bitstream/mb_usb_hdmi_top.bit
targets -set -nocase -filter {name =~ "*microblaze*#0" && bscan=="USER2" }
loadhw -hw C:/Users/bmg32/ECE_385_lab6_2/ECE_385_lab6_2.sdk/mb_usb_hdmi_top/export/mb_usb_hdmi_top/hw/mb_usb_hdmi_top.xsa -regs
configparams mdm-detect-bscan-mask 2
targets -set -nocase -filter {name =~ "*microblaze*#0" && bscan=="USER2" }
rst -system
after 3000
targets -set -nocase -filter {name =~ "*microblaze*#0" && bscan=="USER2" }
dow C:/Users/bmg32/ECE_385_lab6_2/ECE_385_lab6_2.sdk/ECE_385_lab6_2_vitis/Debug/ECE_385_lab6_2_vitis.elf
----------------End of Script----------------

15:55:31 INFO  : Context for processor 'microblaze_0' is selected.
15:55:31 INFO  : 'con' command is executed.
15:55:31 INFO  : ----------------XSDB Script (After Launch)----------------
targets -set -nocase -filter {name =~ "*microblaze*#0" && bscan=="USER2" }
con
----------------End of Script----------------

15:55:31 INFO  : Disconnected from the channel tcfchan#11.
15:56:00 INFO  : Connected to target on host '127.0.0.1' and port '3121'.
15:56:00 INFO  : Jtag cable 'RealDigital Boo 887100000002A' is selected.
15:56:00 INFO  : 'jtag frequency' command is executed.
15:56:00 INFO  : 'targets -set -filter {jtag_cable_name =~ "RealDigital Boo 887100000002A" && level==0 && jtag_device_ctx=="jsn1-0362f093-0"}' command is executed.
15:56:01 INFO  : Device configured successfully with "C:/Users/bmg32/ECE_385_lab6_2/ECE_385_lab6_2.sdk/ECE_385_lab6_2_vitis/_ide/bitstream/mb_usb_hdmi_top.bit"
15:56:01 INFO  : Context for processor 'microblaze_0' is selected.
15:56:01 INFO  : Hardware design and registers information is loaded from 'C:/Users/bmg32/ECE_385_lab6_2/ECE_385_lab6_2.sdk/mb_usb_hdmi_top/export/mb_usb_hdmi_top/hw/mb_usb_hdmi_top.xsa'.
15:56:01 INFO  : 'configparams mdm-detect-bscan-mask 2' command is executed.
15:56:01 INFO  : Context for processor 'microblaze_0' is selected.
15:56:01 INFO  : System reset is completed.
15:56:04 INFO  : 'after 3000' command is executed.
15:56:04 INFO  : Context for processor 'microblaze_0' is selected.
15:56:05 INFO  : The application 'C:/Users/bmg32/ECE_385_lab6_2/ECE_385_lab6_2.sdk/ECE_385_lab6_2_vitis/Debug/ECE_385_lab6_2_vitis.elf' is downloaded to processor 'microblaze_0'.
15:56:05 INFO  : ----------------XSDB Script----------------
connect -url tcp:127.0.0.1:3121
targets -set -filter {jtag_cable_name =~ "RealDigital Boo 887100000002A" && level==0 && jtag_device_ctx=="jsn1-0362f093-0"}
fpga -file C:/Users/bmg32/ECE_385_lab6_2/ECE_385_lab6_2.sdk/ECE_385_lab6_2_vitis/_ide/bitstream/mb_usb_hdmi_top.bit
targets -set -nocase -filter {name =~ "*microblaze*#0" && bscan=="USER2" }
loadhw -hw C:/Users/bmg32/ECE_385_lab6_2/ECE_385_lab6_2.sdk/mb_usb_hdmi_top/export/mb_usb_hdmi_top/hw/mb_usb_hdmi_top.xsa -regs
configparams mdm-detect-bscan-mask 2
targets -set -nocase -filter {name =~ "*microblaze*#0" && bscan=="USER2" }
rst -system
after 3000
targets -set -nocase -filter {name =~ "*microblaze*#0" && bscan=="USER2" }
dow C:/Users/bmg32/ECE_385_lab6_2/ECE_385_lab6_2.sdk/ECE_385_lab6_2_vitis/Debug/ECE_385_lab6_2_vitis.elf
----------------End of Script----------------

15:56:05 INFO  : Context for processor 'microblaze_0' is selected.
15:56:05 INFO  : 'con' command is executed.
15:56:05 INFO  : ----------------XSDB Script (After Launch)----------------
targets -set -nocase -filter {name =~ "*microblaze*#0" && bscan=="USER2" }
con
----------------End of Script----------------

15:56:05 INFO  : Disconnected from the channel tcfchan#12.
16:07:47 INFO  : Hardware specification for platform project 'mb_usb_hdmi_top' is updated.
16:07:57 INFO  : Result from executing command 'removePlatformRepo': 
16:08:03 INFO  : Result from executing command 'getProjects': mb_usb_hdmi_top
16:08:03 INFO  : Result from executing command 'getPlatforms': xilinx_vck190_base_202220_1|C:/Xilinx/Vitis/2022.2/base_platforms/xilinx_vck190_base_202220_1/xilinx_vck190_base_202220_1.xpfm;xilinx_vck190_base_dfx_202220_1|C:/Xilinx/Vitis/2022.2/base_platforms/xilinx_vck190_base_dfx_202220_1/xilinx_vck190_base_dfx_202220_1.xpfm;xilinx_vmk180_base_202220_1|C:/Xilinx/Vitis/2022.2/base_platforms/xilinx_vmk180_base_202220_1/xilinx_vmk180_base_202220_1.xpfm;xilinx_zcu102_base_202220_1|C:/Xilinx/Vitis/2022.2/base_platforms/xilinx_zcu102_base_202220_1/xilinx_zcu102_base_202220_1.xpfm;xilinx_zcu102_base_dfx_202220_1|C:/Xilinx/Vitis/2022.2/base_platforms/xilinx_zcu102_base_dfx_202220_1/xilinx_zcu102_base_dfx_202220_1.xpfm;xilinx_zcu104_base_202220_1|C:/Xilinx/Vitis/2022.2/base_platforms/xilinx_zcu104_base_202220_1/xilinx_zcu104_base_202220_1.xpfm
16:08:04 INFO  : Checking for BSP changes to sync application flags for project 'ECE_385_lab6_2_vitis'...
16:08:06 INFO  : The hardware specification used by project 'ECE_385_lab6_2_vitis' is out of sync with the platform. Resource files extracted from the hardware specification will be updated.
16:08:06 INFO  : The file 'C:\Users\bmg32\ECE_385_lab6_2\ECE_385_lab6_2.sdk\ECE_385_lab6_2_vitis\_ide\bitstream\mb_usb_hdmi_top.bit' stored in project is removed.
16:08:06 INFO  : The file 'C:\Users\bmg32\ECE_385_lab6_2\ECE_385_lab6_2.sdk\ECE_385_lab6_2_vitis\_ide\bitstream\mb_usb_hdmi_top.mmi' stored in project is removed.
16:08:06 INFO  : The updated bitstream files are copied from platform to folder 'C:\Users\bmg32\ECE_385_lab6_2\ECE_385_lab6_2.sdk\ECE_385_lab6_2_vitis\_ide\bitstream' in project 'ECE_385_lab6_2_vitis'.
16:08:11 INFO  : Connected to target on host '127.0.0.1' and port '3121'.
16:08:12 INFO  : Jtag cable 'RealDigital Boo 887100000002A' is selected.
16:08:12 INFO  : 'jtag frequency' command is executed.
16:08:12 INFO  : 'targets -set -filter {jtag_cable_name =~ "RealDigital Boo 887100000002A" && level==0 && jtag_device_ctx=="jsn1-0362f093-0"}' command is executed.
16:08:13 INFO  : Device configured successfully with "C:/Users/bmg32/ECE_385_lab6_2/ECE_385_lab6_2.sdk/ECE_385_lab6_2_vitis/_ide/bitstream/mb_usb_hdmi_top.bit"
16:08:13 INFO  : Context for processor 'microblaze_0' is selected.
16:08:13 INFO  : Hardware design and registers information is loaded from 'C:/Users/bmg32/ECE_385_lab6_2/ECE_385_lab6_2.sdk/mb_usb_hdmi_top/export/mb_usb_hdmi_top/hw/mb_usb_hdmi_top.xsa'.
16:08:13 INFO  : 'configparams mdm-detect-bscan-mask 2' command is executed.
16:08:13 INFO  : Context for processor 'microblaze_0' is selected.
16:08:13 INFO  : System reset is completed.
16:08:16 INFO  : 'after 3000' command is executed.
16:08:16 INFO  : Context for processor 'microblaze_0' is selected.
16:08:16 INFO  : The application 'C:/Users/bmg32/ECE_385_lab6_2/ECE_385_lab6_2.sdk/ECE_385_lab6_2_vitis/Debug/ECE_385_lab6_2_vitis.elf' is downloaded to processor 'microblaze_0'.
16:08:16 INFO  : ----------------XSDB Script----------------
connect -url tcp:127.0.0.1:3121
targets -set -filter {jtag_cable_name =~ "RealDigital Boo 887100000002A" && level==0 && jtag_device_ctx=="jsn1-0362f093-0"}
fpga -file C:/Users/bmg32/ECE_385_lab6_2/ECE_385_lab6_2.sdk/ECE_385_lab6_2_vitis/_ide/bitstream/mb_usb_hdmi_top.bit
targets -set -nocase -filter {name =~ "*microblaze*#0" && bscan=="USER2" }
loadhw -hw C:/Users/bmg32/ECE_385_lab6_2/ECE_385_lab6_2.sdk/mb_usb_hdmi_top/export/mb_usb_hdmi_top/hw/mb_usb_hdmi_top.xsa -regs
configparams mdm-detect-bscan-mask 2
targets -set -nocase -filter {name =~ "*microblaze*#0" && bscan=="USER2" }
rst -system
after 3000
targets -set -nocase -filter {name =~ "*microblaze*#0" && bscan=="USER2" }
dow C:/Users/bmg32/ECE_385_lab6_2/ECE_385_lab6_2.sdk/ECE_385_lab6_2_vitis/Debug/ECE_385_lab6_2_vitis.elf
----------------End of Script----------------

16:08:16 INFO  : Context for processor 'microblaze_0' is selected.
16:08:17 INFO  : 'con' command is executed.
16:08:17 INFO  : ----------------XSDB Script (After Launch)----------------
targets -set -nocase -filter {name =~ "*microblaze*#0" && bscan=="USER2" }
con
----------------End of Script----------------

16:08:17 INFO  : Disconnected from the channel tcfchan#15.
16:11:15 INFO  : Hardware specification for platform project 'mb_usb_hdmi_top' is updated.
16:11:26 INFO  : Result from executing command 'removePlatformRepo': 
16:11:32 INFO  : Result from executing command 'getProjects': mb_usb_hdmi_top
16:11:32 INFO  : Result from executing command 'getPlatforms': xilinx_vck190_base_202220_1|C:/Xilinx/Vitis/2022.2/base_platforms/xilinx_vck190_base_202220_1/xilinx_vck190_base_202220_1.xpfm;xilinx_vck190_base_dfx_202220_1|C:/Xilinx/Vitis/2022.2/base_platforms/xilinx_vck190_base_dfx_202220_1/xilinx_vck190_base_dfx_202220_1.xpfm;xilinx_vmk180_base_202220_1|C:/Xilinx/Vitis/2022.2/base_platforms/xilinx_vmk180_base_202220_1/xilinx_vmk180_base_202220_1.xpfm;xilinx_zcu102_base_202220_1|C:/Xilinx/Vitis/2022.2/base_platforms/xilinx_zcu102_base_202220_1/xilinx_zcu102_base_202220_1.xpfm;xilinx_zcu102_base_dfx_202220_1|C:/Xilinx/Vitis/2022.2/base_platforms/xilinx_zcu102_base_dfx_202220_1/xilinx_zcu102_base_dfx_202220_1.xpfm;xilinx_zcu104_base_202220_1|C:/Xilinx/Vitis/2022.2/base_platforms/xilinx_zcu104_base_202220_1/xilinx_zcu104_base_202220_1.xpfm
16:11:33 INFO  : Checking for BSP changes to sync application flags for project 'ECE_385_lab6_2_vitis'...
16:11:35 INFO  : The hardware specification used by project 'ECE_385_lab6_2_vitis' is out of sync with the platform. Resource files extracted from the hardware specification will be updated.
16:11:35 INFO  : The file 'C:\Users\bmg32\ECE_385_lab6_2\ECE_385_lab6_2.sdk\ECE_385_lab6_2_vitis\_ide\bitstream\mb_usb_hdmi_top.bit' stored in project is removed.
16:11:35 INFO  : The file 'C:\Users\bmg32\ECE_385_lab6_2\ECE_385_lab6_2.sdk\ECE_385_lab6_2_vitis\_ide\bitstream\mb_usb_hdmi_top.mmi' stored in project is removed.
16:11:35 INFO  : The updated bitstream files are copied from platform to folder 'C:\Users\bmg32\ECE_385_lab6_2\ECE_385_lab6_2.sdk\ECE_385_lab6_2_vitis\_ide\bitstream' in project 'ECE_385_lab6_2_vitis'.
16:11:46 INFO  : Connected to target on host '127.0.0.1' and port '3121'.
16:11:46 INFO  : Jtag cable 'RealDigital Boo 887100000002A' is selected.
16:11:46 INFO  : 'jtag frequency' command is executed.
16:11:46 INFO  : 'targets -set -filter {jtag_cable_name =~ "RealDigital Boo 887100000002A" && level==0 && jtag_device_ctx=="jsn1-0362f093-0"}' command is executed.
16:11:48 INFO  : Device configured successfully with "C:/Users/bmg32/ECE_385_lab6_2/ECE_385_lab6_2.sdk/ECE_385_lab6_2_vitis/_ide/bitstream/mb_usb_hdmi_top.bit"
16:11:48 INFO  : Context for processor 'microblaze_0' is selected.
16:11:48 INFO  : Hardware design and registers information is loaded from 'C:/Users/bmg32/ECE_385_lab6_2/ECE_385_lab6_2.sdk/mb_usb_hdmi_top/export/mb_usb_hdmi_top/hw/mb_usb_hdmi_top.xsa'.
16:11:48 INFO  : 'configparams mdm-detect-bscan-mask 2' command is executed.
16:11:48 INFO  : Context for processor 'microblaze_0' is selected.
16:11:48 INFO  : System reset is completed.
16:11:51 INFO  : 'after 3000' command is executed.
16:11:51 INFO  : Context for processor 'microblaze_0' is selected.
16:11:51 INFO  : The application 'C:/Users/bmg32/ECE_385_lab6_2/ECE_385_lab6_2.sdk/ECE_385_lab6_2_vitis/Debug/ECE_385_lab6_2_vitis.elf' is downloaded to processor 'microblaze_0'.
16:11:51 INFO  : ----------------XSDB Script----------------
connect -url tcp:127.0.0.1:3121
targets -set -filter {jtag_cable_name =~ "RealDigital Boo 887100000002A" && level==0 && jtag_device_ctx=="jsn1-0362f093-0"}
fpga -file C:/Users/bmg32/ECE_385_lab6_2/ECE_385_lab6_2.sdk/ECE_385_lab6_2_vitis/_ide/bitstream/mb_usb_hdmi_top.bit
targets -set -nocase -filter {name =~ "*microblaze*#0" && bscan=="USER2" }
loadhw -hw C:/Users/bmg32/ECE_385_lab6_2/ECE_385_lab6_2.sdk/mb_usb_hdmi_top/export/mb_usb_hdmi_top/hw/mb_usb_hdmi_top.xsa -regs
configparams mdm-detect-bscan-mask 2
targets -set -nocase -filter {name =~ "*microblaze*#0" && bscan=="USER2" }
rst -system
after 3000
targets -set -nocase -filter {name =~ "*microblaze*#0" && bscan=="USER2" }
dow C:/Users/bmg32/ECE_385_lab6_2/ECE_385_lab6_2.sdk/ECE_385_lab6_2_vitis/Debug/ECE_385_lab6_2_vitis.elf
----------------End of Script----------------

16:11:51 INFO  : Context for processor 'microblaze_0' is selected.
16:11:51 INFO  : 'con' command is executed.
16:11:51 INFO  : ----------------XSDB Script (After Launch)----------------
targets -set -nocase -filter {name =~ "*microblaze*#0" && bscan=="USER2" }
con
----------------End of Script----------------

16:11:51 INFO  : Disconnected from the channel tcfchan#18.
16:12:23 INFO  : Connected to target on host '127.0.0.1' and port '3121'.
16:12:23 INFO  : Jtag cable 'RealDigital Boo 887100000002A' is selected.
16:12:23 INFO  : 'jtag frequency' command is executed.
16:12:23 INFO  : 'targets -set -filter {jtag_cable_name =~ "RealDigital Boo 887100000002A" && level==0 && jtag_device_ctx=="jsn1-0362f093-0"}' command is executed.
16:12:25 INFO  : Device configured successfully with "C:/Users/bmg32/ECE_385_lab6_2/ECE_385_lab6_2.sdk/ECE_385_lab6_2_vitis/_ide/bitstream/mb_usb_hdmi_top.bit"
16:12:25 INFO  : Context for processor 'microblaze_0' is selected.
16:12:25 INFO  : Hardware design and registers information is loaded from 'C:/Users/bmg32/ECE_385_lab6_2/ECE_385_lab6_2.sdk/mb_usb_hdmi_top/export/mb_usb_hdmi_top/hw/mb_usb_hdmi_top.xsa'.
16:12:25 INFO  : 'configparams mdm-detect-bscan-mask 2' command is executed.
16:12:25 INFO  : Context for processor 'microblaze_0' is selected.
16:12:25 INFO  : System reset is completed.
16:12:28 INFO  : 'after 3000' command is executed.
16:12:28 INFO  : Context for processor 'microblaze_0' is selected.
16:12:28 INFO  : The application 'C:/Users/bmg32/ECE_385_lab6_2/ECE_385_lab6_2.sdk/ECE_385_lab6_2_vitis/Debug/ECE_385_lab6_2_vitis.elf' is downloaded to processor 'microblaze_0'.
16:12:28 INFO  : ----------------XSDB Script----------------
connect -url tcp:127.0.0.1:3121
targets -set -filter {jtag_cable_name =~ "RealDigital Boo 887100000002A" && level==0 && jtag_device_ctx=="jsn1-0362f093-0"}
fpga -file C:/Users/bmg32/ECE_385_lab6_2/ECE_385_lab6_2.sdk/ECE_385_lab6_2_vitis/_ide/bitstream/mb_usb_hdmi_top.bit
targets -set -nocase -filter {name =~ "*microblaze*#0" && bscan=="USER2" }
loadhw -hw C:/Users/bmg32/ECE_385_lab6_2/ECE_385_lab6_2.sdk/mb_usb_hdmi_top/export/mb_usb_hdmi_top/hw/mb_usb_hdmi_top.xsa -regs
configparams mdm-detect-bscan-mask 2
targets -set -nocase -filter {name =~ "*microblaze*#0" && bscan=="USER2" }
rst -system
after 3000
targets -set -nocase -filter {name =~ "*microblaze*#0" && bscan=="USER2" }
dow C:/Users/bmg32/ECE_385_lab6_2/ECE_385_lab6_2.sdk/ECE_385_lab6_2_vitis/Debug/ECE_385_lab6_2_vitis.elf
----------------End of Script----------------

16:12:28 INFO  : Context for processor 'microblaze_0' is selected.
16:12:28 INFO  : 'con' command is executed.
16:12:28 INFO  : ----------------XSDB Script (After Launch)----------------
targets -set -nocase -filter {name =~ "*microblaze*#0" && bscan=="USER2" }
con
----------------End of Script----------------

16:12:28 INFO  : Disconnected from the channel tcfchan#19.
16:12:43 INFO  : Connected to target on host '127.0.0.1' and port '3121'.
16:12:43 INFO  : Jtag cable 'RealDigital Boo 887100000002A' is selected.
16:12:43 INFO  : 'jtag frequency' command is executed.
16:12:43 INFO  : 'targets -set -filter {jtag_cable_name =~ "RealDigital Boo 887100000002A" && level==0 && jtag_device_ctx=="jsn1-0362f093-0"}' command is executed.
16:12:44 INFO  : Device configured successfully with "C:/Users/bmg32/ECE_385_lab6_2/ECE_385_lab6_2.sdk/ECE_385_lab6_2_vitis/_ide/bitstream/mb_usb_hdmi_top.bit"
16:12:44 INFO  : Context for processor 'microblaze_0' is selected.
16:12:44 INFO  : Hardware design and registers information is loaded from 'C:/Users/bmg32/ECE_385_lab6_2/ECE_385_lab6_2.sdk/mb_usb_hdmi_top/export/mb_usb_hdmi_top/hw/mb_usb_hdmi_top.xsa'.
16:12:44 INFO  : 'configparams mdm-detect-bscan-mask 2' command is executed.
16:12:44 INFO  : Context for processor 'microblaze_0' is selected.
16:12:44 INFO  : System reset is completed.
16:12:47 INFO  : 'after 3000' command is executed.
16:12:47 INFO  : Context for processor 'microblaze_0' is selected.
16:12:48 INFO  : The application 'C:/Users/bmg32/ECE_385_lab6_2/ECE_385_lab6_2.sdk/ECE_385_lab6_2_vitis/Debug/ECE_385_lab6_2_vitis.elf' is downloaded to processor 'microblaze_0'.
16:12:48 INFO  : ----------------XSDB Script----------------
connect -url tcp:127.0.0.1:3121
targets -set -filter {jtag_cable_name =~ "RealDigital Boo 887100000002A" && level==0 && jtag_device_ctx=="jsn1-0362f093-0"}
fpga -file C:/Users/bmg32/ECE_385_lab6_2/ECE_385_lab6_2.sdk/ECE_385_lab6_2_vitis/_ide/bitstream/mb_usb_hdmi_top.bit
targets -set -nocase -filter {name =~ "*microblaze*#0" && bscan=="USER2" }
loadhw -hw C:/Users/bmg32/ECE_385_lab6_2/ECE_385_lab6_2.sdk/mb_usb_hdmi_top/export/mb_usb_hdmi_top/hw/mb_usb_hdmi_top.xsa -regs
configparams mdm-detect-bscan-mask 2
targets -set -nocase -filter {name =~ "*microblaze*#0" && bscan=="USER2" }
rst -system
after 3000
targets -set -nocase -filter {name =~ "*microblaze*#0" && bscan=="USER2" }
dow C:/Users/bmg32/ECE_385_lab6_2/ECE_385_lab6_2.sdk/ECE_385_lab6_2_vitis/Debug/ECE_385_lab6_2_vitis.elf
----------------End of Script----------------

16:12:48 INFO  : Context for processor 'microblaze_0' is selected.
16:12:48 INFO  : 'con' command is executed.
16:12:48 INFO  : ----------------XSDB Script (After Launch)----------------
targets -set -nocase -filter {name =~ "*microblaze*#0" && bscan=="USER2" }
con
----------------End of Script----------------

16:12:48 INFO  : Disconnected from the channel tcfchan#20.
16:19:42 INFO  : Hardware specification for platform project 'mb_usb_hdmi_top' is updated.
16:19:53 INFO  : Result from executing command 'removePlatformRepo': 
16:20:00 INFO  : Result from executing command 'getProjects': mb_usb_hdmi_top
16:20:00 INFO  : Result from executing command 'getPlatforms': xilinx_vck190_base_202220_1|C:/Xilinx/Vitis/2022.2/base_platforms/xilinx_vck190_base_202220_1/xilinx_vck190_base_202220_1.xpfm;xilinx_vck190_base_dfx_202220_1|C:/Xilinx/Vitis/2022.2/base_platforms/xilinx_vck190_base_dfx_202220_1/xilinx_vck190_base_dfx_202220_1.xpfm;xilinx_vmk180_base_202220_1|C:/Xilinx/Vitis/2022.2/base_platforms/xilinx_vmk180_base_202220_1/xilinx_vmk180_base_202220_1.xpfm;xilinx_zcu102_base_202220_1|C:/Xilinx/Vitis/2022.2/base_platforms/xilinx_zcu102_base_202220_1/xilinx_zcu102_base_202220_1.xpfm;xilinx_zcu102_base_dfx_202220_1|C:/Xilinx/Vitis/2022.2/base_platforms/xilinx_zcu102_base_dfx_202220_1/xilinx_zcu102_base_dfx_202220_1.xpfm;xilinx_zcu104_base_202220_1|C:/Xilinx/Vitis/2022.2/base_platforms/xilinx_zcu104_base_202220_1/xilinx_zcu104_base_202220_1.xpfm
16:20:01 INFO  : Checking for BSP changes to sync application flags for project 'ECE_385_lab6_2_vitis'...
16:20:04 INFO  : The hardware specification used by project 'ECE_385_lab6_2_vitis' is out of sync with the platform. Resource files extracted from the hardware specification will be updated.
16:20:04 INFO  : The file 'C:\Users\bmg32\ECE_385_lab6_2\ECE_385_lab6_2.sdk\ECE_385_lab6_2_vitis\_ide\bitstream\mb_usb_hdmi_top.bit' stored in project is removed.
16:20:04 INFO  : The file 'C:\Users\bmg32\ECE_385_lab6_2\ECE_385_lab6_2.sdk\ECE_385_lab6_2_vitis\_ide\bitstream\mb_usb_hdmi_top.mmi' stored in project is removed.
16:20:04 INFO  : The updated bitstream files are copied from platform to folder 'C:\Users\bmg32\ECE_385_lab6_2\ECE_385_lab6_2.sdk\ECE_385_lab6_2_vitis\_ide\bitstream' in project 'ECE_385_lab6_2_vitis'.
16:20:11 INFO  : Connected to target on host '127.0.0.1' and port '3121'.
16:20:12 INFO  : Jtag cable 'RealDigital Boo 887100000002A' is selected.
16:20:12 INFO  : 'jtag frequency' command is executed.
16:20:12 INFO  : 'targets -set -filter {jtag_cable_name =~ "RealDigital Boo 887100000002A" && level==0 && jtag_device_ctx=="jsn1-0362f093-0"}' command is executed.
16:20:13 INFO  : Device configured successfully with "C:/Users/bmg32/ECE_385_lab6_2/ECE_385_lab6_2.sdk/ECE_385_lab6_2_vitis/_ide/bitstream/mb_usb_hdmi_top.bit"
16:20:13 INFO  : Context for processor 'microblaze_0' is selected.
16:20:13 INFO  : Hardware design and registers information is loaded from 'C:/Users/bmg32/ECE_385_lab6_2/ECE_385_lab6_2.sdk/mb_usb_hdmi_top/export/mb_usb_hdmi_top/hw/mb_usb_hdmi_top.xsa'.
16:20:13 INFO  : 'configparams mdm-detect-bscan-mask 2' command is executed.
16:20:13 INFO  : Context for processor 'microblaze_0' is selected.
16:20:13 INFO  : System reset is completed.
16:20:16 INFO  : 'after 3000' command is executed.
16:20:16 INFO  : Context for processor 'microblaze_0' is selected.
16:20:16 INFO  : The application 'C:/Users/bmg32/ECE_385_lab6_2/ECE_385_lab6_2.sdk/ECE_385_lab6_2_vitis/Debug/ECE_385_lab6_2_vitis.elf' is downloaded to processor 'microblaze_0'.
16:20:16 INFO  : ----------------XSDB Script----------------
connect -url tcp:127.0.0.1:3121
targets -set -filter {jtag_cable_name =~ "RealDigital Boo 887100000002A" && level==0 && jtag_device_ctx=="jsn1-0362f093-0"}
fpga -file C:/Users/bmg32/ECE_385_lab6_2/ECE_385_lab6_2.sdk/ECE_385_lab6_2_vitis/_ide/bitstream/mb_usb_hdmi_top.bit
targets -set -nocase -filter {name =~ "*microblaze*#0" && bscan=="USER2" }
loadhw -hw C:/Users/bmg32/ECE_385_lab6_2/ECE_385_lab6_2.sdk/mb_usb_hdmi_top/export/mb_usb_hdmi_top/hw/mb_usb_hdmi_top.xsa -regs
configparams mdm-detect-bscan-mask 2
targets -set -nocase -filter {name =~ "*microblaze*#0" && bscan=="USER2" }
rst -system
after 3000
targets -set -nocase -filter {name =~ "*microblaze*#0" && bscan=="USER2" }
dow C:/Users/bmg32/ECE_385_lab6_2/ECE_385_lab6_2.sdk/ECE_385_lab6_2_vitis/Debug/ECE_385_lab6_2_vitis.elf
----------------End of Script----------------

16:20:16 INFO  : Context for processor 'microblaze_0' is selected.
16:20:16 INFO  : 'con' command is executed.
16:20:16 INFO  : ----------------XSDB Script (After Launch)----------------
targets -set -nocase -filter {name =~ "*microblaze*#0" && bscan=="USER2" }
con
----------------End of Script----------------

16:20:16 INFO  : Disconnected from the channel tcfchan#23.
16:37:53 INFO  : Result from executing command 'removePlatformRepo': 
16:37:59 INFO  : Result from executing command 'getProjects': mb_usb_hdmi_top
16:37:59 INFO  : Result from executing command 'getPlatforms': xilinx_vck190_base_202220_1|C:/Xilinx/Vitis/2022.2/base_platforms/xilinx_vck190_base_202220_1/xilinx_vck190_base_202220_1.xpfm;xilinx_vck190_base_dfx_202220_1|C:/Xilinx/Vitis/2022.2/base_platforms/xilinx_vck190_base_dfx_202220_1/xilinx_vck190_base_dfx_202220_1.xpfm;xilinx_vmk180_base_202220_1|C:/Xilinx/Vitis/2022.2/base_platforms/xilinx_vmk180_base_202220_1/xilinx_vmk180_base_202220_1.xpfm;xilinx_zcu102_base_202220_1|C:/Xilinx/Vitis/2022.2/base_platforms/xilinx_zcu102_base_202220_1/xilinx_zcu102_base_202220_1.xpfm;xilinx_zcu102_base_dfx_202220_1|C:/Xilinx/Vitis/2022.2/base_platforms/xilinx_zcu102_base_dfx_202220_1/xilinx_zcu102_base_dfx_202220_1.xpfm;xilinx_zcu104_base_202220_1|C:/Xilinx/Vitis/2022.2/base_platforms/xilinx_zcu104_base_202220_1/xilinx_zcu104_base_202220_1.xpfm
16:37:59 INFO  : Checking for BSP changes to sync application flags for project 'ECE_385_lab6_2_vitis'...
16:38:09 INFO  : Connected to target on host '127.0.0.1' and port '3121'.
16:38:09 INFO  : Jtag cable 'RealDigital Boo 887100000002A' is selected.
16:38:09 INFO  : 'jtag frequency' command is executed.
16:38:09 INFO  : 'targets -set -filter {jtag_cable_name =~ "RealDigital Boo 887100000002A" && level==0 && jtag_device_ctx=="jsn1-0362f093-0"}' command is executed.
16:38:10 INFO  : Device configured successfully with "C:/Users/bmg32/ECE_385_lab6_2/ECE_385_lab6_2.sdk/ECE_385_lab6_2_vitis/_ide/bitstream/mb_usb_hdmi_top.bit"
16:38:10 INFO  : Context for processor 'microblaze_0' is selected.
16:38:10 INFO  : Hardware design and registers information is loaded from 'C:/Users/bmg32/ECE_385_lab6_2/ECE_385_lab6_2.sdk/mb_usb_hdmi_top/export/mb_usb_hdmi_top/hw/mb_usb_hdmi_top.xsa'.
16:38:10 INFO  : 'configparams mdm-detect-bscan-mask 2' command is executed.
16:38:10 INFO  : Context for processor 'microblaze_0' is selected.
16:38:10 INFO  : System reset is completed.
16:38:13 INFO  : 'after 3000' command is executed.
16:38:13 INFO  : Context for processor 'microblaze_0' is selected.
16:38:14 INFO  : The application 'C:/Users/bmg32/ECE_385_lab6_2/ECE_385_lab6_2.sdk/ECE_385_lab6_2_vitis/Debug/ECE_385_lab6_2_vitis.elf' is downloaded to processor 'microblaze_0'.
16:38:14 INFO  : ----------------XSDB Script----------------
connect -url tcp:127.0.0.1:3121
targets -set -filter {jtag_cable_name =~ "RealDigital Boo 887100000002A" && level==0 && jtag_device_ctx=="jsn1-0362f093-0"}
fpga -file C:/Users/bmg32/ECE_385_lab6_2/ECE_385_lab6_2.sdk/ECE_385_lab6_2_vitis/_ide/bitstream/mb_usb_hdmi_top.bit
targets -set -nocase -filter {name =~ "*microblaze*#0" && bscan=="USER2" }
loadhw -hw C:/Users/bmg32/ECE_385_lab6_2/ECE_385_lab6_2.sdk/mb_usb_hdmi_top/export/mb_usb_hdmi_top/hw/mb_usb_hdmi_top.xsa -regs
configparams mdm-detect-bscan-mask 2
targets -set -nocase -filter {name =~ "*microblaze*#0" && bscan=="USER2" }
rst -system
after 3000
targets -set -nocase -filter {name =~ "*microblaze*#0" && bscan=="USER2" }
dow C:/Users/bmg32/ECE_385_lab6_2/ECE_385_lab6_2.sdk/ECE_385_lab6_2_vitis/Debug/ECE_385_lab6_2_vitis.elf
----------------End of Script----------------

16:38:14 INFO  : Context for processor 'microblaze_0' is selected.
16:38:14 INFO  : 'con' command is executed.
16:38:14 INFO  : ----------------XSDB Script (After Launch)----------------
targets -set -nocase -filter {name =~ "*microblaze*#0" && bscan=="USER2" }
con
----------------End of Script----------------

16:38:14 INFO  : Disconnected from the channel tcfchan#26.
16:38:37 INFO  : Connected to target on host '127.0.0.1' and port '3121'.
16:38:37 INFO  : Jtag cable 'RealDigital Boo 887100000002A' is selected.
16:38:37 INFO  : 'jtag frequency' command is executed.
16:38:37 INFO  : 'targets -set -filter {jtag_cable_name =~ "RealDigital Boo 887100000002A" && level==0 && jtag_device_ctx=="jsn1-0362f093-0"}' command is executed.
16:38:38 INFO  : Device configured successfully with "C:/Users/bmg32/ECE_385_lab6_2/ECE_385_lab6_2.sdk/ECE_385_lab6_2_vitis/_ide/bitstream/mb_usb_hdmi_top.bit"
16:38:38 INFO  : Context for processor 'microblaze_0' is selected.
16:38:38 INFO  : Hardware design and registers information is loaded from 'C:/Users/bmg32/ECE_385_lab6_2/ECE_385_lab6_2.sdk/mb_usb_hdmi_top/export/mb_usb_hdmi_top/hw/mb_usb_hdmi_top.xsa'.
16:38:38 INFO  : 'configparams mdm-detect-bscan-mask 2' command is executed.
16:38:38 INFO  : Context for processor 'microblaze_0' is selected.
16:38:38 INFO  : System reset is completed.
16:38:41 INFO  : 'after 3000' command is executed.
16:38:42 INFO  : Context for processor 'microblaze_0' is selected.
16:38:42 INFO  : The application 'C:/Users/bmg32/ECE_385_lab6_2/ECE_385_lab6_2.sdk/ECE_385_lab6_2_vitis/Debug/ECE_385_lab6_2_vitis.elf' is downloaded to processor 'microblaze_0'.
16:38:42 INFO  : ----------------XSDB Script----------------
connect -url tcp:127.0.0.1:3121
targets -set -filter {jtag_cable_name =~ "RealDigital Boo 887100000002A" && level==0 && jtag_device_ctx=="jsn1-0362f093-0"}
fpga -file C:/Users/bmg32/ECE_385_lab6_2/ECE_385_lab6_2.sdk/ECE_385_lab6_2_vitis/_ide/bitstream/mb_usb_hdmi_top.bit
targets -set -nocase -filter {name =~ "*microblaze*#0" && bscan=="USER2" }
loadhw -hw C:/Users/bmg32/ECE_385_lab6_2/ECE_385_lab6_2.sdk/mb_usb_hdmi_top/export/mb_usb_hdmi_top/hw/mb_usb_hdmi_top.xsa -regs
configparams mdm-detect-bscan-mask 2
targets -set -nocase -filter {name =~ "*microblaze*#0" && bscan=="USER2" }
rst -system
after 3000
targets -set -nocase -filter {name =~ "*microblaze*#0" && bscan=="USER2" }
dow C:/Users/bmg32/ECE_385_lab6_2/ECE_385_lab6_2.sdk/ECE_385_lab6_2_vitis/Debug/ECE_385_lab6_2_vitis.elf
----------------End of Script----------------

16:38:42 INFO  : Context for processor 'microblaze_0' is selected.
16:38:42 INFO  : 'con' command is executed.
16:38:42 INFO  : ----------------XSDB Script (After Launch)----------------
targets -set -nocase -filter {name =~ "*microblaze*#0" && bscan=="USER2" }
con
----------------End of Script----------------

16:38:42 INFO  : Disconnected from the channel tcfchan#27.
16:42:54 INFO  : Hardware specification for platform project 'mb_usb_hdmi_top' is updated.
16:43:05 INFO  : Result from executing command 'removePlatformRepo': 
16:43:12 INFO  : Result from executing command 'getProjects': mb_usb_hdmi_top
16:43:12 INFO  : Result from executing command 'getPlatforms': xilinx_vck190_base_202220_1|C:/Xilinx/Vitis/2022.2/base_platforms/xilinx_vck190_base_202220_1/xilinx_vck190_base_202220_1.xpfm;xilinx_vck190_base_dfx_202220_1|C:/Xilinx/Vitis/2022.2/base_platforms/xilinx_vck190_base_dfx_202220_1/xilinx_vck190_base_dfx_202220_1.xpfm;xilinx_vmk180_base_202220_1|C:/Xilinx/Vitis/2022.2/base_platforms/xilinx_vmk180_base_202220_1/xilinx_vmk180_base_202220_1.xpfm;xilinx_zcu102_base_202220_1|C:/Xilinx/Vitis/2022.2/base_platforms/xilinx_zcu102_base_202220_1/xilinx_zcu102_base_202220_1.xpfm;xilinx_zcu102_base_dfx_202220_1|C:/Xilinx/Vitis/2022.2/base_platforms/xilinx_zcu102_base_dfx_202220_1/xilinx_zcu102_base_dfx_202220_1.xpfm;xilinx_zcu104_base_202220_1|C:/Xilinx/Vitis/2022.2/base_platforms/xilinx_zcu104_base_202220_1/xilinx_zcu104_base_202220_1.xpfm
16:43:13 INFO  : Checking for BSP changes to sync application flags for project 'ECE_385_lab6_2_vitis'...
16:43:15 INFO  : The hardware specification used by project 'ECE_385_lab6_2_vitis' is out of sync with the platform. Resource files extracted from the hardware specification will be updated.
16:43:15 INFO  : The file 'C:\Users\bmg32\ECE_385_lab6_2\ECE_385_lab6_2.sdk\ECE_385_lab6_2_vitis\_ide\bitstream\mb_usb_hdmi_top.bit' stored in project is removed.
16:43:15 INFO  : The file 'C:\Users\bmg32\ECE_385_lab6_2\ECE_385_lab6_2.sdk\ECE_385_lab6_2_vitis\_ide\bitstream\mb_usb_hdmi_top.mmi' stored in project is removed.
16:43:15 INFO  : The updated bitstream files are copied from platform to folder 'C:\Users\bmg32\ECE_385_lab6_2\ECE_385_lab6_2.sdk\ECE_385_lab6_2_vitis\_ide\bitstream' in project 'ECE_385_lab6_2_vitis'.
16:43:26 INFO  : Connected to target on host '127.0.0.1' and port '3121'.
16:43:26 INFO  : Jtag cable 'RealDigital Boo 887100000002A' is selected.
16:43:26 INFO  : 'jtag frequency' command is executed.
16:43:26 INFO  : 'targets -set -filter {jtag_cable_name =~ "RealDigital Boo 887100000002A" && level==0 && jtag_device_ctx=="jsn1-0362f093-0"}' command is executed.
16:43:28 INFO  : Device configured successfully with "C:/Users/bmg32/ECE_385_lab6_2/ECE_385_lab6_2.sdk/ECE_385_lab6_2_vitis/_ide/bitstream/mb_usb_hdmi_top.bit"
16:43:28 INFO  : Context for processor 'microblaze_0' is selected.
16:43:28 INFO  : Hardware design and registers information is loaded from 'C:/Users/bmg32/ECE_385_lab6_2/ECE_385_lab6_2.sdk/mb_usb_hdmi_top/export/mb_usb_hdmi_top/hw/mb_usb_hdmi_top.xsa'.
16:43:28 INFO  : 'configparams mdm-detect-bscan-mask 2' command is executed.
16:43:28 INFO  : Context for processor 'microblaze_0' is selected.
16:43:28 INFO  : System reset is completed.
16:43:31 INFO  : 'after 3000' command is executed.
16:43:31 INFO  : Context for processor 'microblaze_0' is selected.
16:43:31 INFO  : The application 'C:/Users/bmg32/ECE_385_lab6_2/ECE_385_lab6_2.sdk/ECE_385_lab6_2_vitis/Debug/ECE_385_lab6_2_vitis.elf' is downloaded to processor 'microblaze_0'.
16:43:31 INFO  : ----------------XSDB Script----------------
connect -url tcp:127.0.0.1:3121
targets -set -filter {jtag_cable_name =~ "RealDigital Boo 887100000002A" && level==0 && jtag_device_ctx=="jsn1-0362f093-0"}
fpga -file C:/Users/bmg32/ECE_385_lab6_2/ECE_385_lab6_2.sdk/ECE_385_lab6_2_vitis/_ide/bitstream/mb_usb_hdmi_top.bit
targets -set -nocase -filter {name =~ "*microblaze*#0" && bscan=="USER2" }
loadhw -hw C:/Users/bmg32/ECE_385_lab6_2/ECE_385_lab6_2.sdk/mb_usb_hdmi_top/export/mb_usb_hdmi_top/hw/mb_usb_hdmi_top.xsa -regs
configparams mdm-detect-bscan-mask 2
targets -set -nocase -filter {name =~ "*microblaze*#0" && bscan=="USER2" }
rst -system
after 3000
targets -set -nocase -filter {name =~ "*microblaze*#0" && bscan=="USER2" }
dow C:/Users/bmg32/ECE_385_lab6_2/ECE_385_lab6_2.sdk/ECE_385_lab6_2_vitis/Debug/ECE_385_lab6_2_vitis.elf
----------------End of Script----------------

16:43:31 INFO  : Context for processor 'microblaze_0' is selected.
16:43:31 INFO  : 'con' command is executed.
16:43:31 INFO  : ----------------XSDB Script (After Launch)----------------
targets -set -nocase -filter {name =~ "*microblaze*#0" && bscan=="USER2" }
con
----------------End of Script----------------

16:43:31 INFO  : Disconnected from the channel tcfchan#30.
16:44:57 INFO  : Connected to target on host '127.0.0.1' and port '3121'.
16:44:57 INFO  : Jtag cable 'RealDigital Boo 887100000002A' is selected.
16:44:57 INFO  : 'jtag frequency' command is executed.
16:44:58 INFO  : 'targets -set -filter {jtag_cable_name =~ "RealDigital Boo 887100000002A" && level==0 && jtag_device_ctx=="jsn1-0362f093-0"}' command is executed.
16:44:59 INFO  : Device configured successfully with "C:/Users/bmg32/ECE_385_lab6_2/ECE_385_lab6_2.sdk/ECE_385_lab6_2_vitis/_ide/bitstream/mb_usb_hdmi_top.bit"
16:44:59 INFO  : Context for processor 'microblaze_0' is selected.
16:44:59 INFO  : Hardware design and registers information is loaded from 'C:/Users/bmg32/ECE_385_lab6_2/ECE_385_lab6_2.sdk/mb_usb_hdmi_top/export/mb_usb_hdmi_top/hw/mb_usb_hdmi_top.xsa'.
16:44:59 INFO  : 'configparams mdm-detect-bscan-mask 2' command is executed.
16:44:59 INFO  : Context for processor 'microblaze_0' is selected.
16:44:59 INFO  : System reset is completed.
16:45:02 INFO  : 'after 3000' command is executed.
16:45:02 INFO  : Context for processor 'microblaze_0' is selected.
16:45:02 INFO  : The application 'C:/Users/bmg32/ECE_385_lab6_2/ECE_385_lab6_2.sdk/ECE_385_lab6_2_vitis/Debug/ECE_385_lab6_2_vitis.elf' is downloaded to processor 'microblaze_0'.
16:45:02 INFO  : ----------------XSDB Script----------------
connect -url tcp:127.0.0.1:3121
targets -set -filter {jtag_cable_name =~ "RealDigital Boo 887100000002A" && level==0 && jtag_device_ctx=="jsn1-0362f093-0"}
fpga -file C:/Users/bmg32/ECE_385_lab6_2/ECE_385_lab6_2.sdk/ECE_385_lab6_2_vitis/_ide/bitstream/mb_usb_hdmi_top.bit
targets -set -nocase -filter {name =~ "*microblaze*#0" && bscan=="USER2" }
loadhw -hw C:/Users/bmg32/ECE_385_lab6_2/ECE_385_lab6_2.sdk/mb_usb_hdmi_top/export/mb_usb_hdmi_top/hw/mb_usb_hdmi_top.xsa -regs
configparams mdm-detect-bscan-mask 2
targets -set -nocase -filter {name =~ "*microblaze*#0" && bscan=="USER2" }
rst -system
after 3000
targets -set -nocase -filter {name =~ "*microblaze*#0" && bscan=="USER2" }
dow C:/Users/bmg32/ECE_385_lab6_2/ECE_385_lab6_2.sdk/ECE_385_lab6_2_vitis/Debug/ECE_385_lab6_2_vitis.elf
----------------End of Script----------------

16:45:02 INFO  : Context for processor 'microblaze_0' is selected.
16:45:02 INFO  : 'con' command is executed.
16:45:02 INFO  : ----------------XSDB Script (After Launch)----------------
targets -set -nocase -filter {name =~ "*microblaze*#0" && bscan=="USER2" }
con
----------------End of Script----------------

16:45:02 INFO  : Disconnected from the channel tcfchan#31.
17:00:39 INFO  : Hardware specification for platform project 'mb_usb_hdmi_top' is updated.
17:00:49 INFO  : Result from executing command 'removePlatformRepo': 
17:00:56 INFO  : Result from executing command 'getProjects': mb_usb_hdmi_top
17:00:56 INFO  : Result from executing command 'getPlatforms': xilinx_vck190_base_202220_1|C:/Xilinx/Vitis/2022.2/base_platforms/xilinx_vck190_base_202220_1/xilinx_vck190_base_202220_1.xpfm;xilinx_vck190_base_dfx_202220_1|C:/Xilinx/Vitis/2022.2/base_platforms/xilinx_vck190_base_dfx_202220_1/xilinx_vck190_base_dfx_202220_1.xpfm;xilinx_vmk180_base_202220_1|C:/Xilinx/Vitis/2022.2/base_platforms/xilinx_vmk180_base_202220_1/xilinx_vmk180_base_202220_1.xpfm;xilinx_zcu102_base_202220_1|C:/Xilinx/Vitis/2022.2/base_platforms/xilinx_zcu102_base_202220_1/xilinx_zcu102_base_202220_1.xpfm;xilinx_zcu102_base_dfx_202220_1|C:/Xilinx/Vitis/2022.2/base_platforms/xilinx_zcu102_base_dfx_202220_1/xilinx_zcu102_base_dfx_202220_1.xpfm;xilinx_zcu104_base_202220_1|C:/Xilinx/Vitis/2022.2/base_platforms/xilinx_zcu104_base_202220_1/xilinx_zcu104_base_202220_1.xpfm
17:00:57 INFO  : Checking for BSP changes to sync application flags for project 'ECE_385_lab6_2_vitis'...
17:00:59 INFO  : The hardware specification used by project 'ECE_385_lab6_2_vitis' is out of sync with the platform. Resource files extracted from the hardware specification will be updated.
17:00:59 INFO  : The file 'C:\Users\bmg32\ECE_385_lab6_2\ECE_385_lab6_2.sdk\ECE_385_lab6_2_vitis\_ide\bitstream\mb_usb_hdmi_top.bit' stored in project is removed.
17:00:59 INFO  : The file 'C:\Users\bmg32\ECE_385_lab6_2\ECE_385_lab6_2.sdk\ECE_385_lab6_2_vitis\_ide\bitstream\mb_usb_hdmi_top.mmi' stored in project is removed.
17:00:59 INFO  : The updated bitstream files are copied from platform to folder 'C:\Users\bmg32\ECE_385_lab6_2\ECE_385_lab6_2.sdk\ECE_385_lab6_2_vitis\_ide\bitstream' in project 'ECE_385_lab6_2_vitis'.
17:01:02 INFO  : Checking for BSP changes to sync application flags for project 'ECE_385_lab6_2_vitis'...
17:01:14 INFO  : Connected to target on host '127.0.0.1' and port '3121'.
17:01:14 INFO  : Jtag cable 'RealDigital Boo 887100000002A' is selected.
17:01:14 INFO  : 'jtag frequency' command is executed.
17:01:15 INFO  : 'targets -set -filter {jtag_cable_name =~ "RealDigital Boo 887100000002A" && level==0 && jtag_device_ctx=="jsn1-0362f093-0"}' command is executed.
17:01:16 INFO  : Device configured successfully with "C:/Users/bmg32/ECE_385_lab6_2/ECE_385_lab6_2.sdk/ECE_385_lab6_2_vitis/_ide/bitstream/mb_usb_hdmi_top.bit"
17:01:16 INFO  : Context for processor 'microblaze_0' is selected.
17:01:16 INFO  : Hardware design and registers information is loaded from 'C:/Users/bmg32/ECE_385_lab6_2/ECE_385_lab6_2.sdk/mb_usb_hdmi_top/export/mb_usb_hdmi_top/hw/mb_usb_hdmi_top.xsa'.
17:01:16 INFO  : 'configparams mdm-detect-bscan-mask 2' command is executed.
17:01:16 INFO  : Context for processor 'microblaze_0' is selected.
17:01:16 INFO  : System reset is completed.
17:01:19 INFO  : 'after 3000' command is executed.
17:01:19 INFO  : Context for processor 'microblaze_0' is selected.
17:01:19 INFO  : The application 'C:/Users/bmg32/ECE_385_lab6_2/ECE_385_lab6_2.sdk/ECE_385_lab6_2_vitis/Debug/ECE_385_lab6_2_vitis.elf' is downloaded to processor 'microblaze_0'.
17:01:19 INFO  : ----------------XSDB Script----------------
connect -url tcp:127.0.0.1:3121
targets -set -filter {jtag_cable_name =~ "RealDigital Boo 887100000002A" && level==0 && jtag_device_ctx=="jsn1-0362f093-0"}
fpga -file C:/Users/bmg32/ECE_385_lab6_2/ECE_385_lab6_2.sdk/ECE_385_lab6_2_vitis/_ide/bitstream/mb_usb_hdmi_top.bit
targets -set -nocase -filter {name =~ "*microblaze*#0" && bscan=="USER2" }
loadhw -hw C:/Users/bmg32/ECE_385_lab6_2/ECE_385_lab6_2.sdk/mb_usb_hdmi_top/export/mb_usb_hdmi_top/hw/mb_usb_hdmi_top.xsa -regs
configparams mdm-detect-bscan-mask 2
targets -set -nocase -filter {name =~ "*microblaze*#0" && bscan=="USER2" }
rst -system
after 3000
targets -set -nocase -filter {name =~ "*microblaze*#0" && bscan=="USER2" }
dow C:/Users/bmg32/ECE_385_lab6_2/ECE_385_lab6_2.sdk/ECE_385_lab6_2_vitis/Debug/ECE_385_lab6_2_vitis.elf
----------------End of Script----------------

17:01:19 INFO  : Context for processor 'microblaze_0' is selected.
17:01:19 INFO  : 'con' command is executed.
17:01:19 INFO  : ----------------XSDB Script (After Launch)----------------
targets -set -nocase -filter {name =~ "*microblaze*#0" && bscan=="USER2" }
con
----------------End of Script----------------

17:01:19 INFO  : Disconnected from the channel tcfchan#34.
17:05:35 INFO  : Hardware specification for platform project 'mb_usb_hdmi_top' is updated.
17:05:45 INFO  : Result from executing command 'removePlatformRepo': 
17:05:52 INFO  : Result from executing command 'getProjects': mb_usb_hdmi_top
17:05:52 INFO  : Result from executing command 'getPlatforms': xilinx_vck190_base_202220_1|C:/Xilinx/Vitis/2022.2/base_platforms/xilinx_vck190_base_202220_1/xilinx_vck190_base_202220_1.xpfm;xilinx_vck190_base_dfx_202220_1|C:/Xilinx/Vitis/2022.2/base_platforms/xilinx_vck190_base_dfx_202220_1/xilinx_vck190_base_dfx_202220_1.xpfm;xilinx_vmk180_base_202220_1|C:/Xilinx/Vitis/2022.2/base_platforms/xilinx_vmk180_base_202220_1/xilinx_vmk180_base_202220_1.xpfm;xilinx_zcu102_base_202220_1|C:/Xilinx/Vitis/2022.2/base_platforms/xilinx_zcu102_base_202220_1/xilinx_zcu102_base_202220_1.xpfm;xilinx_zcu102_base_dfx_202220_1|C:/Xilinx/Vitis/2022.2/base_platforms/xilinx_zcu102_base_dfx_202220_1/xilinx_zcu102_base_dfx_202220_1.xpfm;xilinx_zcu104_base_202220_1|C:/Xilinx/Vitis/2022.2/base_platforms/xilinx_zcu104_base_202220_1/xilinx_zcu104_base_202220_1.xpfm
17:05:53 INFO  : Checking for BSP changes to sync application flags for project 'ECE_385_lab6_2_vitis'...
17:05:56 INFO  : The hardware specification used by project 'ECE_385_lab6_2_vitis' is out of sync with the platform. Resource files extracted from the hardware specification will be updated.
17:05:56 INFO  : The file 'C:\Users\bmg32\ECE_385_lab6_2\ECE_385_lab6_2.sdk\ECE_385_lab6_2_vitis\_ide\bitstream\mb_usb_hdmi_top.bit' stored in project is removed.
17:05:56 INFO  : The file 'C:\Users\bmg32\ECE_385_lab6_2\ECE_385_lab6_2.sdk\ECE_385_lab6_2_vitis\_ide\bitstream\mb_usb_hdmi_top.mmi' stored in project is removed.
17:05:56 INFO  : The updated bitstream files are copied from platform to folder 'C:\Users\bmg32\ECE_385_lab6_2\ECE_385_lab6_2.sdk\ECE_385_lab6_2_vitis\_ide\bitstream' in project 'ECE_385_lab6_2_vitis'.
17:06:08 INFO  : Connected to target on host '127.0.0.1' and port '3121'.
17:06:08 INFO  : Jtag cable 'RealDigital Boo 887100000002A' is selected.
17:06:08 INFO  : 'jtag frequency' command is executed.
17:06:08 INFO  : 'targets -set -filter {jtag_cable_name =~ "RealDigital Boo 887100000002A" && level==0 && jtag_device_ctx=="jsn1-0362f093-0"}' command is executed.
17:06:10 INFO  : Device configured successfully with "C:/Users/bmg32/ECE_385_lab6_2/ECE_385_lab6_2.sdk/ECE_385_lab6_2_vitis/_ide/bitstream/mb_usb_hdmi_top.bit"
17:06:10 INFO  : Context for processor 'microblaze_0' is selected.
17:06:10 INFO  : Hardware design and registers information is loaded from 'C:/Users/bmg32/ECE_385_lab6_2/ECE_385_lab6_2.sdk/mb_usb_hdmi_top/export/mb_usb_hdmi_top/hw/mb_usb_hdmi_top.xsa'.
17:06:10 INFO  : 'configparams mdm-detect-bscan-mask 2' command is executed.
17:06:10 INFO  : Context for processor 'microblaze_0' is selected.
17:06:10 INFO  : System reset is completed.
17:06:13 INFO  : 'after 3000' command is executed.
17:06:13 INFO  : Context for processor 'microblaze_0' is selected.
17:06:13 INFO  : The application 'C:/Users/bmg32/ECE_385_lab6_2/ECE_385_lab6_2.sdk/ECE_385_lab6_2_vitis/Debug/ECE_385_lab6_2_vitis.elf' is downloaded to processor 'microblaze_0'.
17:06:13 INFO  : ----------------XSDB Script----------------
connect -url tcp:127.0.0.1:3121
targets -set -filter {jtag_cable_name =~ "RealDigital Boo 887100000002A" && level==0 && jtag_device_ctx=="jsn1-0362f093-0"}
fpga -file C:/Users/bmg32/ECE_385_lab6_2/ECE_385_lab6_2.sdk/ECE_385_lab6_2_vitis/_ide/bitstream/mb_usb_hdmi_top.bit
targets -set -nocase -filter {name =~ "*microblaze*#0" && bscan=="USER2" }
loadhw -hw C:/Users/bmg32/ECE_385_lab6_2/ECE_385_lab6_2.sdk/mb_usb_hdmi_top/export/mb_usb_hdmi_top/hw/mb_usb_hdmi_top.xsa -regs
configparams mdm-detect-bscan-mask 2
targets -set -nocase -filter {name =~ "*microblaze*#0" && bscan=="USER2" }
rst -system
after 3000
targets -set -nocase -filter {name =~ "*microblaze*#0" && bscan=="USER2" }
dow C:/Users/bmg32/ECE_385_lab6_2/ECE_385_lab6_2.sdk/ECE_385_lab6_2_vitis/Debug/ECE_385_lab6_2_vitis.elf
----------------End of Script----------------

17:06:13 INFO  : Context for processor 'microblaze_0' is selected.
17:06:13 INFO  : 'con' command is executed.
17:06:13 INFO  : ----------------XSDB Script (After Launch)----------------
targets -set -nocase -filter {name =~ "*microblaze*#0" && bscan=="USER2" }
con
----------------End of Script----------------

17:06:13 INFO  : Disconnected from the channel tcfchan#37.
17:14:48 INFO  : Hardware specification for platform project 'mb_usb_hdmi_top' is updated.
17:14:59 INFO  : Result from executing command 'removePlatformRepo': 
17:15:06 INFO  : Result from executing command 'getProjects': mb_usb_hdmi_top
17:15:06 INFO  : Result from executing command 'getPlatforms': xilinx_vck190_base_202220_1|C:/Xilinx/Vitis/2022.2/base_platforms/xilinx_vck190_base_202220_1/xilinx_vck190_base_202220_1.xpfm;xilinx_vck190_base_dfx_202220_1|C:/Xilinx/Vitis/2022.2/base_platforms/xilinx_vck190_base_dfx_202220_1/xilinx_vck190_base_dfx_202220_1.xpfm;xilinx_vmk180_base_202220_1|C:/Xilinx/Vitis/2022.2/base_platforms/xilinx_vmk180_base_202220_1/xilinx_vmk180_base_202220_1.xpfm;xilinx_zcu102_base_202220_1|C:/Xilinx/Vitis/2022.2/base_platforms/xilinx_zcu102_base_202220_1/xilinx_zcu102_base_202220_1.xpfm;xilinx_zcu102_base_dfx_202220_1|C:/Xilinx/Vitis/2022.2/base_platforms/xilinx_zcu102_base_dfx_202220_1/xilinx_zcu102_base_dfx_202220_1.xpfm;xilinx_zcu104_base_202220_1|C:/Xilinx/Vitis/2022.2/base_platforms/xilinx_zcu104_base_202220_1/xilinx_zcu104_base_202220_1.xpfm
17:15:07 INFO  : Checking for BSP changes to sync application flags for project 'ECE_385_lab6_2_vitis'...
17:15:09 INFO  : The hardware specification used by project 'ECE_385_lab6_2_vitis' is out of sync with the platform. Resource files extracted from the hardware specification will be updated.
17:15:09 INFO  : The file 'C:\Users\bmg32\ECE_385_lab6_2\ECE_385_lab6_2.sdk\ECE_385_lab6_2_vitis\_ide\bitstream\mb_usb_hdmi_top.bit' stored in project is removed.
17:15:09 INFO  : The file 'C:\Users\bmg32\ECE_385_lab6_2\ECE_385_lab6_2.sdk\ECE_385_lab6_2_vitis\_ide\bitstream\mb_usb_hdmi_top.mmi' stored in project is removed.
17:15:09 INFO  : The updated bitstream files are copied from platform to folder 'C:\Users\bmg32\ECE_385_lab6_2\ECE_385_lab6_2.sdk\ECE_385_lab6_2_vitis\_ide\bitstream' in project 'ECE_385_lab6_2_vitis'.
17:15:16 INFO  : Connected to target on host '127.0.0.1' and port '3121'.
17:15:16 INFO  : Jtag cable 'RealDigital Boo 887100000002A' is selected.
17:15:16 INFO  : 'jtag frequency' command is executed.
17:15:16 INFO  : 'targets -set -filter {jtag_cable_name =~ "RealDigital Boo 887100000002A" && level==0 && jtag_device_ctx=="jsn1-0362f093-0"}' command is executed.
17:15:17 INFO  : Device configured successfully with "C:/Users/bmg32/ECE_385_lab6_2/ECE_385_lab6_2.sdk/ECE_385_lab6_2_vitis/_ide/bitstream/mb_usb_hdmi_top.bit"
17:15:18 INFO  : Context for processor 'microblaze_0' is selected.
17:15:18 INFO  : Hardware design and registers information is loaded from 'C:/Users/bmg32/ECE_385_lab6_2/ECE_385_lab6_2.sdk/mb_usb_hdmi_top/export/mb_usb_hdmi_top/hw/mb_usb_hdmi_top.xsa'.
17:15:18 INFO  : 'configparams mdm-detect-bscan-mask 2' command is executed.
17:15:18 INFO  : Context for processor 'microblaze_0' is selected.
17:15:18 INFO  : System reset is completed.
17:15:21 INFO  : 'after 3000' command is executed.
17:15:21 INFO  : Context for processor 'microblaze_0' is selected.
17:15:21 INFO  : The application 'C:/Users/bmg32/ECE_385_lab6_2/ECE_385_lab6_2.sdk/ECE_385_lab6_2_vitis/Debug/ECE_385_lab6_2_vitis.elf' is downloaded to processor 'microblaze_0'.
17:15:21 INFO  : ----------------XSDB Script----------------
connect -url tcp:127.0.0.1:3121
targets -set -filter {jtag_cable_name =~ "RealDigital Boo 887100000002A" && level==0 && jtag_device_ctx=="jsn1-0362f093-0"}
fpga -file C:/Users/bmg32/ECE_385_lab6_2/ECE_385_lab6_2.sdk/ECE_385_lab6_2_vitis/_ide/bitstream/mb_usb_hdmi_top.bit
targets -set -nocase -filter {name =~ "*microblaze*#0" && bscan=="USER2" }
loadhw -hw C:/Users/bmg32/ECE_385_lab6_2/ECE_385_lab6_2.sdk/mb_usb_hdmi_top/export/mb_usb_hdmi_top/hw/mb_usb_hdmi_top.xsa -regs
configparams mdm-detect-bscan-mask 2
targets -set -nocase -filter {name =~ "*microblaze*#0" && bscan=="USER2" }
rst -system
after 3000
targets -set -nocase -filter {name =~ "*microblaze*#0" && bscan=="USER2" }
dow C:/Users/bmg32/ECE_385_lab6_2/ECE_385_lab6_2.sdk/ECE_385_lab6_2_vitis/Debug/ECE_385_lab6_2_vitis.elf
----------------End of Script----------------

17:15:21 INFO  : Context for processor 'microblaze_0' is selected.
17:15:21 INFO  : 'con' command is executed.
17:15:21 INFO  : ----------------XSDB Script (After Launch)----------------
targets -set -nocase -filter {name =~ "*microblaze*#0" && bscan=="USER2" }
con
----------------End of Script----------------

17:15:21 INFO  : Disconnected from the channel tcfchan#40.
17:23:50 INFO  : Hardware specification for platform project 'mb_usb_hdmi_top' is updated.
17:23:59 INFO  : Result from executing command 'removePlatformRepo': 
17:24:06 INFO  : Result from executing command 'getProjects': mb_usb_hdmi_top
17:24:06 INFO  : Result from executing command 'getPlatforms': xilinx_vck190_base_202220_1|C:/Xilinx/Vitis/2022.2/base_platforms/xilinx_vck190_base_202220_1/xilinx_vck190_base_202220_1.xpfm;xilinx_vck190_base_dfx_202220_1|C:/Xilinx/Vitis/2022.2/base_platforms/xilinx_vck190_base_dfx_202220_1/xilinx_vck190_base_dfx_202220_1.xpfm;xilinx_vmk180_base_202220_1|C:/Xilinx/Vitis/2022.2/base_platforms/xilinx_vmk180_base_202220_1/xilinx_vmk180_base_202220_1.xpfm;xilinx_zcu102_base_202220_1|C:/Xilinx/Vitis/2022.2/base_platforms/xilinx_zcu102_base_202220_1/xilinx_zcu102_base_202220_1.xpfm;xilinx_zcu102_base_dfx_202220_1|C:/Xilinx/Vitis/2022.2/base_platforms/xilinx_zcu102_base_dfx_202220_1/xilinx_zcu102_base_dfx_202220_1.xpfm;xilinx_zcu104_base_202220_1|C:/Xilinx/Vitis/2022.2/base_platforms/xilinx_zcu104_base_202220_1/xilinx_zcu104_base_202220_1.xpfm
17:24:07 INFO  : Checking for BSP changes to sync application flags for project 'ECE_385_lab6_2_vitis'...
17:24:09 INFO  : The hardware specification used by project 'ECE_385_lab6_2_vitis' is out of sync with the platform. Resource files extracted from the hardware specification will be updated.
17:24:09 INFO  : The file 'C:\Users\bmg32\ECE_385_lab6_2\ECE_385_lab6_2.sdk\ECE_385_lab6_2_vitis\_ide\bitstream\mb_usb_hdmi_top.bit' stored in project is removed.
17:24:09 INFO  : The file 'C:\Users\bmg32\ECE_385_lab6_2\ECE_385_lab6_2.sdk\ECE_385_lab6_2_vitis\_ide\bitstream\mb_usb_hdmi_top.mmi' stored in project is removed.
17:24:09 INFO  : The updated bitstream files are copied from platform to folder 'C:\Users\bmg32\ECE_385_lab6_2\ECE_385_lab6_2.sdk\ECE_385_lab6_2_vitis\_ide\bitstream' in project 'ECE_385_lab6_2_vitis'.
17:24:24 INFO  : Connected to target on host '127.0.0.1' and port '3121'.
17:24:24 INFO  : Jtag cable 'RealDigital Boo 887100000002A' is selected.
17:24:24 INFO  : 'jtag frequency' command is executed.
17:24:24 INFO  : 'targets -set -filter {jtag_cable_name =~ "RealDigital Boo 887100000002A" && level==0 && jtag_device_ctx=="jsn1-0362f093-0"}' command is executed.
17:24:25 INFO  : Device configured successfully with "C:/Users/bmg32/ECE_385_lab6_2/ECE_385_lab6_2.sdk/ECE_385_lab6_2_vitis/_ide/bitstream/mb_usb_hdmi_top.bit"
17:24:26 INFO  : Context for processor 'microblaze_0' is selected.
17:24:26 INFO  : Hardware design and registers information is loaded from 'C:/Users/bmg32/ECE_385_lab6_2/ECE_385_lab6_2.sdk/mb_usb_hdmi_top/export/mb_usb_hdmi_top/hw/mb_usb_hdmi_top.xsa'.
17:24:26 INFO  : 'configparams mdm-detect-bscan-mask 2' command is executed.
17:24:26 INFO  : Context for processor 'microblaze_0' is selected.
17:24:26 INFO  : System reset is completed.
17:24:29 INFO  : 'after 3000' command is executed.
17:24:29 INFO  : Context for processor 'microblaze_0' is selected.
17:24:29 INFO  : The application 'C:/Users/bmg32/ECE_385_lab6_2/ECE_385_lab6_2.sdk/ECE_385_lab6_2_vitis/Debug/ECE_385_lab6_2_vitis.elf' is downloaded to processor 'microblaze_0'.
17:24:29 INFO  : ----------------XSDB Script----------------
connect -url tcp:127.0.0.1:3121
targets -set -filter {jtag_cable_name =~ "RealDigital Boo 887100000002A" && level==0 && jtag_device_ctx=="jsn1-0362f093-0"}
fpga -file C:/Users/bmg32/ECE_385_lab6_2/ECE_385_lab6_2.sdk/ECE_385_lab6_2_vitis/_ide/bitstream/mb_usb_hdmi_top.bit
targets -set -nocase -filter {name =~ "*microblaze*#0" && bscan=="USER2" }
loadhw -hw C:/Users/bmg32/ECE_385_lab6_2/ECE_385_lab6_2.sdk/mb_usb_hdmi_top/export/mb_usb_hdmi_top/hw/mb_usb_hdmi_top.xsa -regs
configparams mdm-detect-bscan-mask 2
targets -set -nocase -filter {name =~ "*microblaze*#0" && bscan=="USER2" }
rst -system
after 3000
targets -set -nocase -filter {name =~ "*microblaze*#0" && bscan=="USER2" }
dow C:/Users/bmg32/ECE_385_lab6_2/ECE_385_lab6_2.sdk/ECE_385_lab6_2_vitis/Debug/ECE_385_lab6_2_vitis.elf
----------------End of Script----------------

17:24:29 INFO  : Context for processor 'microblaze_0' is selected.
17:24:29 INFO  : 'con' command is executed.
17:24:29 INFO  : ----------------XSDB Script (After Launch)----------------
targets -set -nocase -filter {name =~ "*microblaze*#0" && bscan=="USER2" }
con
----------------End of Script----------------

17:24:29 INFO  : Disconnected from the channel tcfchan#43.
17:31:21 INFO  : Result from executing command 'removePlatformRepo': 
17:31:27 INFO  : Result from executing command 'getProjects': mb_usb_hdmi_top
17:31:27 INFO  : Result from executing command 'getPlatforms': xilinx_vck190_base_202220_1|C:/Xilinx/Vitis/2022.2/base_platforms/xilinx_vck190_base_202220_1/xilinx_vck190_base_202220_1.xpfm;xilinx_vck190_base_dfx_202220_1|C:/Xilinx/Vitis/2022.2/base_platforms/xilinx_vck190_base_dfx_202220_1/xilinx_vck190_base_dfx_202220_1.xpfm;xilinx_vmk180_base_202220_1|C:/Xilinx/Vitis/2022.2/base_platforms/xilinx_vmk180_base_202220_1/xilinx_vmk180_base_202220_1.xpfm;xilinx_zcu102_base_202220_1|C:/Xilinx/Vitis/2022.2/base_platforms/xilinx_zcu102_base_202220_1/xilinx_zcu102_base_202220_1.xpfm;xilinx_zcu102_base_dfx_202220_1|C:/Xilinx/Vitis/2022.2/base_platforms/xilinx_zcu102_base_dfx_202220_1/xilinx_zcu102_base_dfx_202220_1.xpfm;xilinx_zcu104_base_202220_1|C:/Xilinx/Vitis/2022.2/base_platforms/xilinx_zcu104_base_202220_1/xilinx_zcu104_base_202220_1.xpfm
17:31:28 INFO  : Checking for BSP changes to sync application flags for project 'ECE_385_lab6_2_vitis'...
17:31:36 INFO  : Connected to target on host '127.0.0.1' and port '3121'.
17:31:36 INFO  : Jtag cable 'RealDigital Boo 887100000002A' is selected.
17:31:36 INFO  : 'jtag frequency' command is executed.
17:31:36 INFO  : 'targets -set -filter {jtag_cable_name =~ "RealDigital Boo 887100000002A" && level==0 && jtag_device_ctx=="jsn1-0362f093-0"}' command is executed.
17:31:38 INFO  : Device configured successfully with "C:/Users/bmg32/ECE_385_lab6_2/ECE_385_lab6_2.sdk/ECE_385_lab6_2_vitis/_ide/bitstream/mb_usb_hdmi_top.bit"
17:31:38 INFO  : Context for processor 'microblaze_0' is selected.
17:31:38 INFO  : Hardware design and registers information is loaded from 'C:/Users/bmg32/ECE_385_lab6_2/ECE_385_lab6_2.sdk/mb_usb_hdmi_top/export/mb_usb_hdmi_top/hw/mb_usb_hdmi_top.xsa'.
17:31:38 INFO  : 'configparams mdm-detect-bscan-mask 2' command is executed.
17:31:38 INFO  : Context for processor 'microblaze_0' is selected.
17:31:38 INFO  : System reset is completed.
17:31:41 INFO  : 'after 3000' command is executed.
17:31:41 INFO  : Context for processor 'microblaze_0' is selected.
17:31:41 INFO  : The application 'C:/Users/bmg32/ECE_385_lab6_2/ECE_385_lab6_2.sdk/ECE_385_lab6_2_vitis/Debug/ECE_385_lab6_2_vitis.elf' is downloaded to processor 'microblaze_0'.
17:31:41 INFO  : ----------------XSDB Script----------------
connect -url tcp:127.0.0.1:3121
targets -set -filter {jtag_cable_name =~ "RealDigital Boo 887100000002A" && level==0 && jtag_device_ctx=="jsn1-0362f093-0"}
fpga -file C:/Users/bmg32/ECE_385_lab6_2/ECE_385_lab6_2.sdk/ECE_385_lab6_2_vitis/_ide/bitstream/mb_usb_hdmi_top.bit
targets -set -nocase -filter {name =~ "*microblaze*#0" && bscan=="USER2" }
loadhw -hw C:/Users/bmg32/ECE_385_lab6_2/ECE_385_lab6_2.sdk/mb_usb_hdmi_top/export/mb_usb_hdmi_top/hw/mb_usb_hdmi_top.xsa -regs
configparams mdm-detect-bscan-mask 2
targets -set -nocase -filter {name =~ "*microblaze*#0" && bscan=="USER2" }
rst -system
after 3000
targets -set -nocase -filter {name =~ "*microblaze*#0" && bscan=="USER2" }
dow C:/Users/bmg32/ECE_385_lab6_2/ECE_385_lab6_2.sdk/ECE_385_lab6_2_vitis/Debug/ECE_385_lab6_2_vitis.elf
----------------End of Script----------------

17:31:41 INFO  : Context for processor 'microblaze_0' is selected.
17:31:41 INFO  : 'con' command is executed.
17:31:41 INFO  : ----------------XSDB Script (After Launch)----------------
targets -set -nocase -filter {name =~ "*microblaze*#0" && bscan=="USER2" }
con
----------------End of Script----------------

17:31:41 INFO  : Disconnected from the channel tcfchan#46.
17:32:05 INFO  : Hardware specification for platform project 'mb_usb_hdmi_top' is updated.
17:36:21 INFO  : Hardware specification for platform project 'mb_usb_hdmi_top' is updated.
17:36:31 INFO  : Result from executing command 'removePlatformRepo': 
17:36:38 INFO  : Result from executing command 'getProjects': mb_usb_hdmi_top
17:36:38 INFO  : Result from executing command 'getPlatforms': xilinx_vck190_base_202220_1|C:/Xilinx/Vitis/2022.2/base_platforms/xilinx_vck190_base_202220_1/xilinx_vck190_base_202220_1.xpfm;xilinx_vck190_base_dfx_202220_1|C:/Xilinx/Vitis/2022.2/base_platforms/xilinx_vck190_base_dfx_202220_1/xilinx_vck190_base_dfx_202220_1.xpfm;xilinx_vmk180_base_202220_1|C:/Xilinx/Vitis/2022.2/base_platforms/xilinx_vmk180_base_202220_1/xilinx_vmk180_base_202220_1.xpfm;xilinx_zcu102_base_202220_1|C:/Xilinx/Vitis/2022.2/base_platforms/xilinx_zcu102_base_202220_1/xilinx_zcu102_base_202220_1.xpfm;xilinx_zcu102_base_dfx_202220_1|C:/Xilinx/Vitis/2022.2/base_platforms/xilinx_zcu102_base_dfx_202220_1/xilinx_zcu102_base_dfx_202220_1.xpfm;xilinx_zcu104_base_202220_1|C:/Xilinx/Vitis/2022.2/base_platforms/xilinx_zcu104_base_202220_1/xilinx_zcu104_base_202220_1.xpfm
17:36:39 INFO  : Checking for BSP changes to sync application flags for project 'ECE_385_lab6_2_vitis'...
17:36:41 INFO  : The hardware specification used by project 'ECE_385_lab6_2_vitis' is out of sync with the platform. Resource files extracted from the hardware specification will be updated.
17:36:41 INFO  : The file 'C:\Users\bmg32\ECE_385_lab6_2\ECE_385_lab6_2.sdk\ECE_385_lab6_2_vitis\_ide\bitstream\mb_usb_hdmi_top.bit' stored in project is removed.
17:36:41 INFO  : The file 'C:\Users\bmg32\ECE_385_lab6_2\ECE_385_lab6_2.sdk\ECE_385_lab6_2_vitis\_ide\bitstream\mb_usb_hdmi_top.mmi' stored in project is removed.
17:36:41 INFO  : The updated bitstream files are copied from platform to folder 'C:\Users\bmg32\ECE_385_lab6_2\ECE_385_lab6_2.sdk\ECE_385_lab6_2_vitis\_ide\bitstream' in project 'ECE_385_lab6_2_vitis'.
17:37:08 INFO  : Connected to target on host '127.0.0.1' and port '3121'.
17:37:08 INFO  : Jtag cable 'RealDigital Boo 887100000002A' is selected.
17:37:08 INFO  : 'jtag frequency' command is executed.
17:37:08 INFO  : 'targets -set -filter {jtag_cable_name =~ "RealDigital Boo 887100000002A" && level==0 && jtag_device_ctx=="jsn1-0362f093-0"}' command is executed.
17:37:09 INFO  : Device configured successfully with "C:/Users/bmg32/ECE_385_lab6_2/ECE_385_lab6_2.sdk/ECE_385_lab6_2_vitis/_ide/bitstream/mb_usb_hdmi_top.bit"
17:37:10 INFO  : Context for processor 'microblaze_0' is selected.
17:37:10 INFO  : Hardware design and registers information is loaded from 'C:/Users/bmg32/ECE_385_lab6_2/ECE_385_lab6_2.sdk/mb_usb_hdmi_top/export/mb_usb_hdmi_top/hw/mb_usb_hdmi_top.xsa'.
17:37:10 INFO  : 'configparams mdm-detect-bscan-mask 2' command is executed.
17:37:10 INFO  : Context for processor 'microblaze_0' is selected.
17:37:10 INFO  : System reset is completed.
17:37:13 INFO  : 'after 3000' command is executed.
17:37:13 INFO  : Context for processor 'microblaze_0' is selected.
17:37:13 INFO  : The application 'C:/Users/bmg32/ECE_385_lab6_2/ECE_385_lab6_2.sdk/ECE_385_lab6_2_vitis/Debug/ECE_385_lab6_2_vitis.elf' is downloaded to processor 'microblaze_0'.
17:37:13 INFO  : ----------------XSDB Script----------------
connect -url tcp:127.0.0.1:3121
targets -set -filter {jtag_cable_name =~ "RealDigital Boo 887100000002A" && level==0 && jtag_device_ctx=="jsn1-0362f093-0"}
fpga -file C:/Users/bmg32/ECE_385_lab6_2/ECE_385_lab6_2.sdk/ECE_385_lab6_2_vitis/_ide/bitstream/mb_usb_hdmi_top.bit
targets -set -nocase -filter {name =~ "*microblaze*#0" && bscan=="USER2" }
loadhw -hw C:/Users/bmg32/ECE_385_lab6_2/ECE_385_lab6_2.sdk/mb_usb_hdmi_top/export/mb_usb_hdmi_top/hw/mb_usb_hdmi_top.xsa -regs
configparams mdm-detect-bscan-mask 2
targets -set -nocase -filter {name =~ "*microblaze*#0" && bscan=="USER2" }
rst -system
after 3000
targets -set -nocase -filter {name =~ "*microblaze*#0" && bscan=="USER2" }
dow C:/Users/bmg32/ECE_385_lab6_2/ECE_385_lab6_2.sdk/ECE_385_lab6_2_vitis/Debug/ECE_385_lab6_2_vitis.elf
----------------End of Script----------------

17:37:13 INFO  : Context for processor 'microblaze_0' is selected.
17:37:13 INFO  : 'con' command is executed.
17:37:13 INFO  : ----------------XSDB Script (After Launch)----------------
targets -set -nocase -filter {name =~ "*microblaze*#0" && bscan=="USER2" }
con
----------------End of Script----------------

17:37:13 INFO  : Disconnected from the channel tcfchan#49.
17:45:17 INFO  : Hardware specification for platform project 'mb_usb_hdmi_top' is updated.
17:45:28 INFO  : Result from executing command 'removePlatformRepo': 
17:45:35 INFO  : Result from executing command 'getProjects': mb_usb_hdmi_top
17:45:35 INFO  : Result from executing command 'getPlatforms': xilinx_vck190_base_202220_1|C:/Xilinx/Vitis/2022.2/base_platforms/xilinx_vck190_base_202220_1/xilinx_vck190_base_202220_1.xpfm;xilinx_vck190_base_dfx_202220_1|C:/Xilinx/Vitis/2022.2/base_platforms/xilinx_vck190_base_dfx_202220_1/xilinx_vck190_base_dfx_202220_1.xpfm;xilinx_vmk180_base_202220_1|C:/Xilinx/Vitis/2022.2/base_platforms/xilinx_vmk180_base_202220_1/xilinx_vmk180_base_202220_1.xpfm;xilinx_zcu102_base_202220_1|C:/Xilinx/Vitis/2022.2/base_platforms/xilinx_zcu102_base_202220_1/xilinx_zcu102_base_202220_1.xpfm;xilinx_zcu102_base_dfx_202220_1|C:/Xilinx/Vitis/2022.2/base_platforms/xilinx_zcu102_base_dfx_202220_1/xilinx_zcu102_base_dfx_202220_1.xpfm;xilinx_zcu104_base_202220_1|C:/Xilinx/Vitis/2022.2/base_platforms/xilinx_zcu104_base_202220_1/xilinx_zcu104_base_202220_1.xpfm
17:45:36 INFO  : Checking for BSP changes to sync application flags for project 'ECE_385_lab6_2_vitis'...
17:45:39 INFO  : The hardware specification used by project 'ECE_385_lab6_2_vitis' is out of sync with the platform. Resource files extracted from the hardware specification will be updated.
17:45:39 INFO  : The file 'C:\Users\bmg32\ECE_385_lab6_2\ECE_385_lab6_2.sdk\ECE_385_lab6_2_vitis\_ide\bitstream\mb_usb_hdmi_top.bit' stored in project is removed.
17:45:39 INFO  : The file 'C:\Users\bmg32\ECE_385_lab6_2\ECE_385_lab6_2.sdk\ECE_385_lab6_2_vitis\_ide\bitstream\mb_usb_hdmi_top.mmi' stored in project is removed.
17:45:39 INFO  : The updated bitstream files are copied from platform to folder 'C:\Users\bmg32\ECE_385_lab6_2\ECE_385_lab6_2.sdk\ECE_385_lab6_2_vitis\_ide\bitstream' in project 'ECE_385_lab6_2_vitis'.
17:46:00 INFO  : Connected to target on host '127.0.0.1' and port '3121'.
17:46:01 INFO  : Jtag cable 'RealDigital Boo 887100000002A' is selected.
17:46:01 INFO  : 'jtag frequency' command is executed.
17:46:01 INFO  : 'targets -set -filter {jtag_cable_name =~ "RealDigital Boo 887100000002A" && level==0 && jtag_device_ctx=="jsn1-0362f093-0"}' command is executed.
17:46:02 INFO  : Device configured successfully with "C:/Users/bmg32/ECE_385_lab6_2/ECE_385_lab6_2.sdk/ECE_385_lab6_2_vitis/_ide/bitstream/mb_usb_hdmi_top.bit"
17:46:02 INFO  : Context for processor 'microblaze_0' is selected.
17:46:02 INFO  : Hardware design and registers information is loaded from 'C:/Users/bmg32/ECE_385_lab6_2/ECE_385_lab6_2.sdk/mb_usb_hdmi_top/export/mb_usb_hdmi_top/hw/mb_usb_hdmi_top.xsa'.
17:46:02 INFO  : 'configparams mdm-detect-bscan-mask 2' command is executed.
17:46:02 INFO  : Context for processor 'microblaze_0' is selected.
17:46:02 INFO  : System reset is completed.
17:46:05 INFO  : 'after 3000' command is executed.
17:46:05 INFO  : Context for processor 'microblaze_0' is selected.
17:46:06 INFO  : The application 'C:/Users/bmg32/ECE_385_lab6_2/ECE_385_lab6_2.sdk/ECE_385_lab6_2_vitis/Debug/ECE_385_lab6_2_vitis.elf' is downloaded to processor 'microblaze_0'.
17:46:06 INFO  : ----------------XSDB Script----------------
connect -url tcp:127.0.0.1:3121
targets -set -filter {jtag_cable_name =~ "RealDigital Boo 887100000002A" && level==0 && jtag_device_ctx=="jsn1-0362f093-0"}
fpga -file C:/Users/bmg32/ECE_385_lab6_2/ECE_385_lab6_2.sdk/ECE_385_lab6_2_vitis/_ide/bitstream/mb_usb_hdmi_top.bit
targets -set -nocase -filter {name =~ "*microblaze*#0" && bscan=="USER2" }
loadhw -hw C:/Users/bmg32/ECE_385_lab6_2/ECE_385_lab6_2.sdk/mb_usb_hdmi_top/export/mb_usb_hdmi_top/hw/mb_usb_hdmi_top.xsa -regs
configparams mdm-detect-bscan-mask 2
targets -set -nocase -filter {name =~ "*microblaze*#0" && bscan=="USER2" }
rst -system
after 3000
targets -set -nocase -filter {name =~ "*microblaze*#0" && bscan=="USER2" }
dow C:/Users/bmg32/ECE_385_lab6_2/ECE_385_lab6_2.sdk/ECE_385_lab6_2_vitis/Debug/ECE_385_lab6_2_vitis.elf
----------------End of Script----------------

17:46:06 INFO  : Context for processor 'microblaze_0' is selected.
17:46:06 INFO  : 'con' command is executed.
17:46:06 INFO  : ----------------XSDB Script (After Launch)----------------
targets -set -nocase -filter {name =~ "*microblaze*#0" && bscan=="USER2" }
con
----------------End of Script----------------

17:46:06 INFO  : Disconnected from the channel tcfchan#52.
17:55:14 INFO  : Hardware specification for platform project 'mb_usb_hdmi_top' is updated.
17:55:25 INFO  : Hardware specification for platform project 'mb_usb_hdmi_top' is updated.
17:55:34 INFO  : Result from executing command 'removePlatformRepo': 
17:55:42 INFO  : Result from executing command 'getProjects': mb_usb_hdmi_top
17:55:42 INFO  : Result from executing command 'getPlatforms': xilinx_vck190_base_202220_1|C:/Xilinx/Vitis/2022.2/base_platforms/xilinx_vck190_base_202220_1/xilinx_vck190_base_202220_1.xpfm;xilinx_vck190_base_dfx_202220_1|C:/Xilinx/Vitis/2022.2/base_platforms/xilinx_vck190_base_dfx_202220_1/xilinx_vck190_base_dfx_202220_1.xpfm;xilinx_vmk180_base_202220_1|C:/Xilinx/Vitis/2022.2/base_platforms/xilinx_vmk180_base_202220_1/xilinx_vmk180_base_202220_1.xpfm;xilinx_zcu102_base_202220_1|C:/Xilinx/Vitis/2022.2/base_platforms/xilinx_zcu102_base_202220_1/xilinx_zcu102_base_202220_1.xpfm;xilinx_zcu102_base_dfx_202220_1|C:/Xilinx/Vitis/2022.2/base_platforms/xilinx_zcu102_base_dfx_202220_1/xilinx_zcu102_base_dfx_202220_1.xpfm;xilinx_zcu104_base_202220_1|C:/Xilinx/Vitis/2022.2/base_platforms/xilinx_zcu104_base_202220_1/xilinx_zcu104_base_202220_1.xpfm
17:55:43 INFO  : Checking for BSP changes to sync application flags for project 'ECE_385_lab6_2_vitis'...
17:55:45 INFO  : The hardware specification used by project 'ECE_385_lab6_2_vitis' is out of sync with the platform. Resource files extracted from the hardware specification will be updated.
17:55:45 INFO  : The file 'C:\Users\bmg32\ECE_385_lab6_2\ECE_385_lab6_2.sdk\ECE_385_lab6_2_vitis\_ide\bitstream\mb_usb_hdmi_top.bit' stored in project is removed.
17:55:45 INFO  : The file 'C:\Users\bmg32\ECE_385_lab6_2\ECE_385_lab6_2.sdk\ECE_385_lab6_2_vitis\_ide\bitstream\mb_usb_hdmi_top.mmi' stored in project is removed.
17:55:45 INFO  : The updated bitstream files are copied from platform to folder 'C:\Users\bmg32\ECE_385_lab6_2\ECE_385_lab6_2.sdk\ECE_385_lab6_2_vitis\_ide\bitstream' in project 'ECE_385_lab6_2_vitis'.
17:56:08 INFO  : Connected to target on host '127.0.0.1' and port '3121'.
17:56:08 INFO  : Jtag cable 'RealDigital Boo 887100000002A' is selected.
17:56:08 INFO  : 'jtag frequency' command is executed.
17:56:08 INFO  : 'targets -set -filter {jtag_cable_name =~ "RealDigital Boo 887100000002A" && level==0 && jtag_device_ctx=="jsn1-0362f093-0"}' command is executed.
17:56:09 INFO  : Device configured successfully with "C:/Users/bmg32/ECE_385_lab6_2/ECE_385_lab6_2.sdk/ECE_385_lab6_2_vitis/_ide/bitstream/mb_usb_hdmi_top.bit"
17:56:09 INFO  : Context for processor 'microblaze_0' is selected.
17:56:09 INFO  : Hardware design and registers information is loaded from 'C:/Users/bmg32/ECE_385_lab6_2/ECE_385_lab6_2.sdk/mb_usb_hdmi_top/export/mb_usb_hdmi_top/hw/mb_usb_hdmi_top.xsa'.
17:56:09 INFO  : 'configparams mdm-detect-bscan-mask 2' command is executed.
17:56:09 INFO  : Context for processor 'microblaze_0' is selected.
17:56:09 INFO  : System reset is completed.
17:56:13 INFO  : 'after 3000' command is executed.
17:56:13 INFO  : Context for processor 'microblaze_0' is selected.
17:56:13 INFO  : The application 'C:/Users/bmg32/ECE_385_lab6_2/ECE_385_lab6_2.sdk/ECE_385_lab6_2_vitis/Debug/ECE_385_lab6_2_vitis.elf' is downloaded to processor 'microblaze_0'.
17:56:13 INFO  : ----------------XSDB Script----------------
connect -url tcp:127.0.0.1:3121
targets -set -filter {jtag_cable_name =~ "RealDigital Boo 887100000002A" && level==0 && jtag_device_ctx=="jsn1-0362f093-0"}
fpga -file C:/Users/bmg32/ECE_385_lab6_2/ECE_385_lab6_2.sdk/ECE_385_lab6_2_vitis/_ide/bitstream/mb_usb_hdmi_top.bit
targets -set -nocase -filter {name =~ "*microblaze*#0" && bscan=="USER2" }
loadhw -hw C:/Users/bmg32/ECE_385_lab6_2/ECE_385_lab6_2.sdk/mb_usb_hdmi_top/export/mb_usb_hdmi_top/hw/mb_usb_hdmi_top.xsa -regs
configparams mdm-detect-bscan-mask 2
targets -set -nocase -filter {name =~ "*microblaze*#0" && bscan=="USER2" }
rst -system
after 3000
targets -set -nocase -filter {name =~ "*microblaze*#0" && bscan=="USER2" }
dow C:/Users/bmg32/ECE_385_lab6_2/ECE_385_lab6_2.sdk/ECE_385_lab6_2_vitis/Debug/ECE_385_lab6_2_vitis.elf
----------------End of Script----------------

17:56:13 INFO  : Context for processor 'microblaze_0' is selected.
17:56:13 INFO  : 'con' command is executed.
17:56:13 INFO  : ----------------XSDB Script (After Launch)----------------
targets -set -nocase -filter {name =~ "*microblaze*#0" && bscan=="USER2" }
con
----------------End of Script----------------

17:56:13 INFO  : Disconnected from the channel tcfchan#55.
18:15:02 INFO  : Hardware specification for platform project 'mb_usb_hdmi_top' is updated.
18:15:13 INFO  : Result from executing command 'removePlatformRepo': 
18:15:21 INFO  : Result from executing command 'getProjects': mb_usb_hdmi_top
18:15:21 INFO  : Result from executing command 'getPlatforms': xilinx_vck190_base_202220_1|C:/Xilinx/Vitis/2022.2/base_platforms/xilinx_vck190_base_202220_1/xilinx_vck190_base_202220_1.xpfm;xilinx_vck190_base_dfx_202220_1|C:/Xilinx/Vitis/2022.2/base_platforms/xilinx_vck190_base_dfx_202220_1/xilinx_vck190_base_dfx_202220_1.xpfm;xilinx_vmk180_base_202220_1|C:/Xilinx/Vitis/2022.2/base_platforms/xilinx_vmk180_base_202220_1/xilinx_vmk180_base_202220_1.xpfm;xilinx_zcu102_base_202220_1|C:/Xilinx/Vitis/2022.2/base_platforms/xilinx_zcu102_base_202220_1/xilinx_zcu102_base_202220_1.xpfm;xilinx_zcu102_base_dfx_202220_1|C:/Xilinx/Vitis/2022.2/base_platforms/xilinx_zcu102_base_dfx_202220_1/xilinx_zcu102_base_dfx_202220_1.xpfm;xilinx_zcu104_base_202220_1|C:/Xilinx/Vitis/2022.2/base_platforms/xilinx_zcu104_base_202220_1/xilinx_zcu104_base_202220_1.xpfm
18:15:22 INFO  : Checking for BSP changes to sync application flags for project 'ECE_385_lab6_2_vitis'...
18:15:24 INFO  : The hardware specification used by project 'ECE_385_lab6_2_vitis' is out of sync with the platform. Resource files extracted from the hardware specification will be updated.
18:15:24 INFO  : The file 'C:\Users\bmg32\ECE_385_lab6_2\ECE_385_lab6_2.sdk\ECE_385_lab6_2_vitis\_ide\bitstream\mb_usb_hdmi_top.bit' stored in project is removed.
18:15:24 INFO  : The file 'C:\Users\bmg32\ECE_385_lab6_2\ECE_385_lab6_2.sdk\ECE_385_lab6_2_vitis\_ide\bitstream\mb_usb_hdmi_top.mmi' stored in project is removed.
18:15:24 INFO  : The updated bitstream files are copied from platform to folder 'C:\Users\bmg32\ECE_385_lab6_2\ECE_385_lab6_2.sdk\ECE_385_lab6_2_vitis\_ide\bitstream' in project 'ECE_385_lab6_2_vitis'.
18:15:29 INFO  : Connected to target on host '127.0.0.1' and port '3121'.
18:15:30 INFO  : Jtag cable 'RealDigital Boo 887100000002A' is selected.
18:15:30 INFO  : 'jtag frequency' command is executed.
18:15:30 INFO  : 'targets -set -filter {jtag_cable_name =~ "RealDigital Boo 887100000002A" && level==0 && jtag_device_ctx=="jsn1-0362f093-0"}' command is executed.
18:15:31 INFO  : Device configured successfully with "C:/Users/bmg32/ECE_385_lab6_2/ECE_385_lab6_2.sdk/ECE_385_lab6_2_vitis/_ide/bitstream/mb_usb_hdmi_top.bit"
18:15:31 INFO  : Context for processor 'microblaze_0' is selected.
18:15:31 INFO  : Hardware design and registers information is loaded from 'C:/Users/bmg32/ECE_385_lab6_2/ECE_385_lab6_2.sdk/mb_usb_hdmi_top/export/mb_usb_hdmi_top/hw/mb_usb_hdmi_top.xsa'.
18:15:31 INFO  : 'configparams mdm-detect-bscan-mask 2' command is executed.
18:15:31 INFO  : Context for processor 'microblaze_0' is selected.
18:15:32 INFO  : System reset is completed.
18:15:35 INFO  : 'after 3000' command is executed.
18:15:35 INFO  : Context for processor 'microblaze_0' is selected.
18:15:35 INFO  : The application 'C:/Users/bmg32/ECE_385_lab6_2/ECE_385_lab6_2.sdk/ECE_385_lab6_2_vitis/Debug/ECE_385_lab6_2_vitis.elf' is downloaded to processor 'microblaze_0'.
18:15:35 INFO  : ----------------XSDB Script----------------
connect -url tcp:127.0.0.1:3121
targets -set -filter {jtag_cable_name =~ "RealDigital Boo 887100000002A" && level==0 && jtag_device_ctx=="jsn1-0362f093-0"}
fpga -file C:/Users/bmg32/ECE_385_lab6_2/ECE_385_lab6_2.sdk/ECE_385_lab6_2_vitis/_ide/bitstream/mb_usb_hdmi_top.bit
targets -set -nocase -filter {name =~ "*microblaze*#0" && bscan=="USER2" }
loadhw -hw C:/Users/bmg32/ECE_385_lab6_2/ECE_385_lab6_2.sdk/mb_usb_hdmi_top/export/mb_usb_hdmi_top/hw/mb_usb_hdmi_top.xsa -regs
configparams mdm-detect-bscan-mask 2
targets -set -nocase -filter {name =~ "*microblaze*#0" && bscan=="USER2" }
rst -system
after 3000
targets -set -nocase -filter {name =~ "*microblaze*#0" && bscan=="USER2" }
dow C:/Users/bmg32/ECE_385_lab6_2/ECE_385_lab6_2.sdk/ECE_385_lab6_2_vitis/Debug/ECE_385_lab6_2_vitis.elf
----------------End of Script----------------

18:15:35 INFO  : Context for processor 'microblaze_0' is selected.
18:15:35 INFO  : 'con' command is executed.
18:15:35 INFO  : ----------------XSDB Script (After Launch)----------------
targets -set -nocase -filter {name =~ "*microblaze*#0" && bscan=="USER2" }
con
----------------End of Script----------------

18:15:35 INFO  : Disconnected from the channel tcfchan#58.
18:22:20 INFO  : Hardware specification for platform project 'mb_usb_hdmi_top' is updated.
18:22:30 INFO  : Result from executing command 'removePlatformRepo': 
18:22:39 INFO  : Result from executing command 'getProjects': mb_usb_hdmi_top
18:22:39 INFO  : Result from executing command 'getPlatforms': xilinx_vck190_base_202220_1|C:/Xilinx/Vitis/2022.2/base_platforms/xilinx_vck190_base_202220_1/xilinx_vck190_base_202220_1.xpfm;xilinx_vck190_base_dfx_202220_1|C:/Xilinx/Vitis/2022.2/base_platforms/xilinx_vck190_base_dfx_202220_1/xilinx_vck190_base_dfx_202220_1.xpfm;xilinx_vmk180_base_202220_1|C:/Xilinx/Vitis/2022.2/base_platforms/xilinx_vmk180_base_202220_1/xilinx_vmk180_base_202220_1.xpfm;xilinx_zcu102_base_202220_1|C:/Xilinx/Vitis/2022.2/base_platforms/xilinx_zcu102_base_202220_1/xilinx_zcu102_base_202220_1.xpfm;xilinx_zcu102_base_dfx_202220_1|C:/Xilinx/Vitis/2022.2/base_platforms/xilinx_zcu102_base_dfx_202220_1/xilinx_zcu102_base_dfx_202220_1.xpfm;xilinx_zcu104_base_202220_1|C:/Xilinx/Vitis/2022.2/base_platforms/xilinx_zcu104_base_202220_1/xilinx_zcu104_base_202220_1.xpfm
18:22:40 INFO  : Checking for BSP changes to sync application flags for project 'ECE_385_lab6_2_vitis'...
18:22:42 INFO  : The hardware specification used by project 'ECE_385_lab6_2_vitis' is out of sync with the platform. Resource files extracted from the hardware specification will be updated.
18:22:42 INFO  : The file 'C:\Users\bmg32\ECE_385_lab6_2\ECE_385_lab6_2.sdk\ECE_385_lab6_2_vitis\_ide\bitstream\mb_usb_hdmi_top.bit' stored in project is removed.
18:22:42 INFO  : The file 'C:\Users\bmg32\ECE_385_lab6_2\ECE_385_lab6_2.sdk\ECE_385_lab6_2_vitis\_ide\bitstream\mb_usb_hdmi_top.mmi' stored in project is removed.
18:22:42 INFO  : The updated bitstream files are copied from platform to folder 'C:\Users\bmg32\ECE_385_lab6_2\ECE_385_lab6_2.sdk\ECE_385_lab6_2_vitis\_ide\bitstream' in project 'ECE_385_lab6_2_vitis'.
18:22:47 INFO  : Connected to target on host '127.0.0.1' and port '3121'.
18:22:47 INFO  : Jtag cable 'RealDigital Boo 887100000002A' is selected.
18:22:47 INFO  : 'jtag frequency' command is executed.
18:22:47 INFO  : 'targets -set -filter {jtag_cable_name =~ "RealDigital Boo 887100000002A" && level==0 && jtag_device_ctx=="jsn1-0362f093-0"}' command is executed.
18:22:48 INFO  : Device configured successfully with "C:/Users/bmg32/ECE_385_lab6_2/ECE_385_lab6_2.sdk/ECE_385_lab6_2_vitis/_ide/bitstream/mb_usb_hdmi_top.bit"
18:22:49 INFO  : Context for processor 'microblaze_0' is selected.
18:22:49 INFO  : Hardware design and registers information is loaded from 'C:/Users/bmg32/ECE_385_lab6_2/ECE_385_lab6_2.sdk/mb_usb_hdmi_top/export/mb_usb_hdmi_top/hw/mb_usb_hdmi_top.xsa'.
18:22:49 INFO  : 'configparams mdm-detect-bscan-mask 2' command is executed.
18:22:49 INFO  : Context for processor 'microblaze_0' is selected.
18:22:49 INFO  : System reset is completed.
18:22:52 INFO  : 'after 3000' command is executed.
18:22:52 INFO  : Context for processor 'microblaze_0' is selected.
18:22:52 INFO  : The application 'C:/Users/bmg32/ECE_385_lab6_2/ECE_385_lab6_2.sdk/ECE_385_lab6_2_vitis/Debug/ECE_385_lab6_2_vitis.elf' is downloaded to processor 'microblaze_0'.
18:22:52 INFO  : ----------------XSDB Script----------------
connect -url tcp:127.0.0.1:3121
targets -set -filter {jtag_cable_name =~ "RealDigital Boo 887100000002A" && level==0 && jtag_device_ctx=="jsn1-0362f093-0"}
fpga -file C:/Users/bmg32/ECE_385_lab6_2/ECE_385_lab6_2.sdk/ECE_385_lab6_2_vitis/_ide/bitstream/mb_usb_hdmi_top.bit
targets -set -nocase -filter {name =~ "*microblaze*#0" && bscan=="USER2" }
loadhw -hw C:/Users/bmg32/ECE_385_lab6_2/ECE_385_lab6_2.sdk/mb_usb_hdmi_top/export/mb_usb_hdmi_top/hw/mb_usb_hdmi_top.xsa -regs
configparams mdm-detect-bscan-mask 2
targets -set -nocase -filter {name =~ "*microblaze*#0" && bscan=="USER2" }
rst -system
after 3000
targets -set -nocase -filter {name =~ "*microblaze*#0" && bscan=="USER2" }
dow C:/Users/bmg32/ECE_385_lab6_2/ECE_385_lab6_2.sdk/ECE_385_lab6_2_vitis/Debug/ECE_385_lab6_2_vitis.elf
----------------End of Script----------------

18:22:52 INFO  : Context for processor 'microblaze_0' is selected.
18:22:52 INFO  : 'con' command is executed.
18:22:52 INFO  : ----------------XSDB Script (After Launch)----------------
targets -set -nocase -filter {name =~ "*microblaze*#0" && bscan=="USER2" }
con
----------------End of Script----------------

18:22:52 INFO  : Disconnected from the channel tcfchan#61.
18:30:08 INFO  : Hardware specification for platform project 'mb_usb_hdmi_top' is updated.
18:30:17 INFO  : Result from executing command 'removePlatformRepo': 
18:30:26 INFO  : Result from executing command 'getProjects': mb_usb_hdmi_top
18:30:26 INFO  : Result from executing command 'getPlatforms': xilinx_vck190_base_202220_1|C:/Xilinx/Vitis/2022.2/base_platforms/xilinx_vck190_base_202220_1/xilinx_vck190_base_202220_1.xpfm;xilinx_vck190_base_dfx_202220_1|C:/Xilinx/Vitis/2022.2/base_platforms/xilinx_vck190_base_dfx_202220_1/xilinx_vck190_base_dfx_202220_1.xpfm;xilinx_vmk180_base_202220_1|C:/Xilinx/Vitis/2022.2/base_platforms/xilinx_vmk180_base_202220_1/xilinx_vmk180_base_202220_1.xpfm;xilinx_zcu102_base_202220_1|C:/Xilinx/Vitis/2022.2/base_platforms/xilinx_zcu102_base_202220_1/xilinx_zcu102_base_202220_1.xpfm;xilinx_zcu102_base_dfx_202220_1|C:/Xilinx/Vitis/2022.2/base_platforms/xilinx_zcu102_base_dfx_202220_1/xilinx_zcu102_base_dfx_202220_1.xpfm;xilinx_zcu104_base_202220_1|C:/Xilinx/Vitis/2022.2/base_platforms/xilinx_zcu104_base_202220_1/xilinx_zcu104_base_202220_1.xpfm
18:30:26 INFO  : Checking for BSP changes to sync application flags for project 'ECE_385_lab6_2_vitis'...
18:30:29 INFO  : The hardware specification used by project 'ECE_385_lab6_2_vitis' is out of sync with the platform. Resource files extracted from the hardware specification will be updated.
18:30:29 INFO  : The file 'C:\Users\bmg32\ECE_385_lab6_2\ECE_385_lab6_2.sdk\ECE_385_lab6_2_vitis\_ide\bitstream\mb_usb_hdmi_top.bit' stored in project is removed.
18:30:29 INFO  : The file 'C:\Users\bmg32\ECE_385_lab6_2\ECE_385_lab6_2.sdk\ECE_385_lab6_2_vitis\_ide\bitstream\mb_usb_hdmi_top.mmi' stored in project is removed.
18:30:29 INFO  : The updated bitstream files are copied from platform to folder 'C:\Users\bmg32\ECE_385_lab6_2\ECE_385_lab6_2.sdk\ECE_385_lab6_2_vitis\_ide\bitstream' in project 'ECE_385_lab6_2_vitis'.
18:30:33 INFO  : Connected to target on host '127.0.0.1' and port '3121'.
18:30:33 INFO  : Jtag cable 'RealDigital Boo 887100000002A' is selected.
18:30:33 INFO  : 'jtag frequency' command is executed.
18:30:33 INFO  : 'targets -set -filter {jtag_cable_name =~ "RealDigital Boo 887100000002A" && level==0 && jtag_device_ctx=="jsn1-0362f093-0"}' command is executed.
18:30:34 INFO  : Device configured successfully with "C:/Users/bmg32/ECE_385_lab6_2/ECE_385_lab6_2.sdk/ECE_385_lab6_2_vitis/_ide/bitstream/mb_usb_hdmi_top.bit"
18:30:35 INFO  : Context for processor 'microblaze_0' is selected.
18:30:35 INFO  : Hardware design and registers information is loaded from 'C:/Users/bmg32/ECE_385_lab6_2/ECE_385_lab6_2.sdk/mb_usb_hdmi_top/export/mb_usb_hdmi_top/hw/mb_usb_hdmi_top.xsa'.
18:30:35 INFO  : 'configparams mdm-detect-bscan-mask 2' command is executed.
18:30:35 INFO  : Context for processor 'microblaze_0' is selected.
18:30:35 INFO  : System reset is completed.
18:30:38 INFO  : 'after 3000' command is executed.
18:30:38 INFO  : Context for processor 'microblaze_0' is selected.
18:30:38 INFO  : The application 'C:/Users/bmg32/ECE_385_lab6_2/ECE_385_lab6_2.sdk/ECE_385_lab6_2_vitis/Debug/ECE_385_lab6_2_vitis.elf' is downloaded to processor 'microblaze_0'.
18:30:38 INFO  : ----------------XSDB Script----------------
connect -url tcp:127.0.0.1:3121
targets -set -filter {jtag_cable_name =~ "RealDigital Boo 887100000002A" && level==0 && jtag_device_ctx=="jsn1-0362f093-0"}
fpga -file C:/Users/bmg32/ECE_385_lab6_2/ECE_385_lab6_2.sdk/ECE_385_lab6_2_vitis/_ide/bitstream/mb_usb_hdmi_top.bit
targets -set -nocase -filter {name =~ "*microblaze*#0" && bscan=="USER2" }
loadhw -hw C:/Users/bmg32/ECE_385_lab6_2/ECE_385_lab6_2.sdk/mb_usb_hdmi_top/export/mb_usb_hdmi_top/hw/mb_usb_hdmi_top.xsa -regs
configparams mdm-detect-bscan-mask 2
targets -set -nocase -filter {name =~ "*microblaze*#0" && bscan=="USER2" }
rst -system
after 3000
targets -set -nocase -filter {name =~ "*microblaze*#0" && bscan=="USER2" }
dow C:/Users/bmg32/ECE_385_lab6_2/ECE_385_lab6_2.sdk/ECE_385_lab6_2_vitis/Debug/ECE_385_lab6_2_vitis.elf
----------------End of Script----------------

18:30:38 INFO  : Context for processor 'microblaze_0' is selected.
18:30:38 INFO  : 'con' command is executed.
18:30:38 INFO  : ----------------XSDB Script (After Launch)----------------
targets -set -nocase -filter {name =~ "*microblaze*#0" && bscan=="USER2" }
con
----------------End of Script----------------

18:30:38 INFO  : Disconnected from the channel tcfchan#64.
18:38:14 INFO  : Hardware specification for platform project 'mb_usb_hdmi_top' is updated.
18:38:35 INFO  : Result from executing command 'removePlatformRepo': 
18:38:43 INFO  : Result from executing command 'getProjects': mb_usb_hdmi_top
18:38:43 INFO  : Result from executing command 'getPlatforms': xilinx_vck190_base_202220_1|C:/Xilinx/Vitis/2022.2/base_platforms/xilinx_vck190_base_202220_1/xilinx_vck190_base_202220_1.xpfm;xilinx_vck190_base_dfx_202220_1|C:/Xilinx/Vitis/2022.2/base_platforms/xilinx_vck190_base_dfx_202220_1/xilinx_vck190_base_dfx_202220_1.xpfm;xilinx_vmk180_base_202220_1|C:/Xilinx/Vitis/2022.2/base_platforms/xilinx_vmk180_base_202220_1/xilinx_vmk180_base_202220_1.xpfm;xilinx_zcu102_base_202220_1|C:/Xilinx/Vitis/2022.2/base_platforms/xilinx_zcu102_base_202220_1/xilinx_zcu102_base_202220_1.xpfm;xilinx_zcu102_base_dfx_202220_1|C:/Xilinx/Vitis/2022.2/base_platforms/xilinx_zcu102_base_dfx_202220_1/xilinx_zcu102_base_dfx_202220_1.xpfm;xilinx_zcu104_base_202220_1|C:/Xilinx/Vitis/2022.2/base_platforms/xilinx_zcu104_base_202220_1/xilinx_zcu104_base_202220_1.xpfm
18:38:44 INFO  : Checking for BSP changes to sync application flags for project 'ECE_385_lab6_2_vitis'...
18:38:46 INFO  : The hardware specification used by project 'ECE_385_lab6_2_vitis' is out of sync with the platform. Resource files extracted from the hardware specification will be updated.
18:38:46 INFO  : The file 'C:\Users\bmg32\ECE_385_lab6_2\ECE_385_lab6_2.sdk\ECE_385_lab6_2_vitis\_ide\bitstream\mb_usb_hdmi_top.bit' stored in project is removed.
18:38:46 INFO  : The file 'C:\Users\bmg32\ECE_385_lab6_2\ECE_385_lab6_2.sdk\ECE_385_lab6_2_vitis\_ide\bitstream\mb_usb_hdmi_top.mmi' stored in project is removed.
18:38:46 INFO  : The updated bitstream files are copied from platform to folder 'C:\Users\bmg32\ECE_385_lab6_2\ECE_385_lab6_2.sdk\ECE_385_lab6_2_vitis\_ide\bitstream' in project 'ECE_385_lab6_2_vitis'.
18:38:52 INFO  : Connected to target on host '127.0.0.1' and port '3121'.
18:38:52 INFO  : Jtag cable 'RealDigital Boo 887100000002A' is selected.
18:38:52 INFO  : 'jtag frequency' command is executed.
18:38:52 INFO  : 'targets -set -filter {jtag_cable_name =~ "RealDigital Boo 887100000002A" && level==0 && jtag_device_ctx=="jsn1-0362f093-0"}' command is executed.
18:38:54 INFO  : Device configured successfully with "C:/Users/bmg32/ECE_385_lab6_2/ECE_385_lab6_2.sdk/ECE_385_lab6_2_vitis/_ide/bitstream/mb_usb_hdmi_top.bit"
18:38:54 INFO  : Context for processor 'microblaze_0' is selected.
18:38:54 INFO  : Hardware design and registers information is loaded from 'C:/Users/bmg32/ECE_385_lab6_2/ECE_385_lab6_2.sdk/mb_usb_hdmi_top/export/mb_usb_hdmi_top/hw/mb_usb_hdmi_top.xsa'.
18:38:54 INFO  : 'configparams mdm-detect-bscan-mask 2' command is executed.
18:38:54 INFO  : Context for processor 'microblaze_0' is selected.
18:38:54 INFO  : System reset is completed.
18:38:57 INFO  : 'after 3000' command is executed.
18:38:57 INFO  : Context for processor 'microblaze_0' is selected.
18:38:57 INFO  : The application 'C:/Users/bmg32/ECE_385_lab6_2/ECE_385_lab6_2.sdk/ECE_385_lab6_2_vitis/Debug/ECE_385_lab6_2_vitis.elf' is downloaded to processor 'microblaze_0'.
18:38:57 INFO  : ----------------XSDB Script----------------
connect -url tcp:127.0.0.1:3121
targets -set -filter {jtag_cable_name =~ "RealDigital Boo 887100000002A" && level==0 && jtag_device_ctx=="jsn1-0362f093-0"}
fpga -file C:/Users/bmg32/ECE_385_lab6_2/ECE_385_lab6_2.sdk/ECE_385_lab6_2_vitis/_ide/bitstream/mb_usb_hdmi_top.bit
targets -set -nocase -filter {name =~ "*microblaze*#0" && bscan=="USER2" }
loadhw -hw C:/Users/bmg32/ECE_385_lab6_2/ECE_385_lab6_2.sdk/mb_usb_hdmi_top/export/mb_usb_hdmi_top/hw/mb_usb_hdmi_top.xsa -regs
configparams mdm-detect-bscan-mask 2
targets -set -nocase -filter {name =~ "*microblaze*#0" && bscan=="USER2" }
rst -system
after 3000
targets -set -nocase -filter {name =~ "*microblaze*#0" && bscan=="USER2" }
dow C:/Users/bmg32/ECE_385_lab6_2/ECE_385_lab6_2.sdk/ECE_385_lab6_2_vitis/Debug/ECE_385_lab6_2_vitis.elf
----------------End of Script----------------

18:38:57 INFO  : Context for processor 'microblaze_0' is selected.
18:38:57 INFO  : 'con' command is executed.
18:38:57 INFO  : ----------------XSDB Script (After Launch)----------------
targets -set -nocase -filter {name =~ "*microblaze*#0" && bscan=="USER2" }
con
----------------End of Script----------------

18:38:57 INFO  : Disconnected from the channel tcfchan#67.
18:43:41 INFO  : Hardware specification for platform project 'mb_usb_hdmi_top' is updated.
18:43:52 INFO  : Result from executing command 'removePlatformRepo': 
18:44:01 INFO  : Result from executing command 'getProjects': mb_usb_hdmi_top
18:44:01 INFO  : Result from executing command 'getPlatforms': xilinx_vck190_base_202220_1|C:/Xilinx/Vitis/2022.2/base_platforms/xilinx_vck190_base_202220_1/xilinx_vck190_base_202220_1.xpfm;xilinx_vck190_base_dfx_202220_1|C:/Xilinx/Vitis/2022.2/base_platforms/xilinx_vck190_base_dfx_202220_1/xilinx_vck190_base_dfx_202220_1.xpfm;xilinx_vmk180_base_202220_1|C:/Xilinx/Vitis/2022.2/base_platforms/xilinx_vmk180_base_202220_1/xilinx_vmk180_base_202220_1.xpfm;xilinx_zcu102_base_202220_1|C:/Xilinx/Vitis/2022.2/base_platforms/xilinx_zcu102_base_202220_1/xilinx_zcu102_base_202220_1.xpfm;xilinx_zcu102_base_dfx_202220_1|C:/Xilinx/Vitis/2022.2/base_platforms/xilinx_zcu102_base_dfx_202220_1/xilinx_zcu102_base_dfx_202220_1.xpfm;xilinx_zcu104_base_202220_1|C:/Xilinx/Vitis/2022.2/base_platforms/xilinx_zcu104_base_202220_1/xilinx_zcu104_base_202220_1.xpfm
18:44:02 INFO  : Checking for BSP changes to sync application flags for project 'ECE_385_lab6_2_vitis'...
18:44:04 INFO  : The hardware specification used by project 'ECE_385_lab6_2_vitis' is out of sync with the platform. Resource files extracted from the hardware specification will be updated.
18:44:04 INFO  : The file 'C:\Users\bmg32\ECE_385_lab6_2\ECE_385_lab6_2.sdk\ECE_385_lab6_2_vitis\_ide\bitstream\mb_usb_hdmi_top.bit' stored in project is removed.
18:44:04 INFO  : The file 'C:\Users\bmg32\ECE_385_lab6_2\ECE_385_lab6_2.sdk\ECE_385_lab6_2_vitis\_ide\bitstream\mb_usb_hdmi_top.mmi' stored in project is removed.
18:44:04 INFO  : The updated bitstream files are copied from platform to folder 'C:\Users\bmg32\ECE_385_lab6_2\ECE_385_lab6_2.sdk\ECE_385_lab6_2_vitis\_ide\bitstream' in project 'ECE_385_lab6_2_vitis'.
18:44:10 INFO  : Connected to target on host '127.0.0.1' and port '3121'.
18:44:10 INFO  : Jtag cable 'RealDigital Boo 887100000002A' is selected.
18:44:10 INFO  : 'jtag frequency' command is executed.
18:44:10 INFO  : 'targets -set -filter {jtag_cable_name =~ "RealDigital Boo 887100000002A" && level==0 && jtag_device_ctx=="jsn1-0362f093-0"}' command is executed.
18:44:11 INFO  : Device configured successfully with "C:/Users/bmg32/ECE_385_lab6_2/ECE_385_lab6_2.sdk/ECE_385_lab6_2_vitis/_ide/bitstream/mb_usb_hdmi_top.bit"
18:44:11 INFO  : Context for processor 'microblaze_0' is selected.
18:44:11 INFO  : Hardware design and registers information is loaded from 'C:/Users/bmg32/ECE_385_lab6_2/ECE_385_lab6_2.sdk/mb_usb_hdmi_top/export/mb_usb_hdmi_top/hw/mb_usb_hdmi_top.xsa'.
18:44:11 INFO  : 'configparams mdm-detect-bscan-mask 2' command is executed.
18:44:11 INFO  : Context for processor 'microblaze_0' is selected.
18:44:11 INFO  : System reset is completed.
18:44:14 INFO  : 'after 3000' command is executed.
18:44:15 INFO  : Context for processor 'microblaze_0' is selected.
18:44:15 INFO  : The application 'C:/Users/bmg32/ECE_385_lab6_2/ECE_385_lab6_2.sdk/ECE_385_lab6_2_vitis/Debug/ECE_385_lab6_2_vitis.elf' is downloaded to processor 'microblaze_0'.
18:44:15 INFO  : ----------------XSDB Script----------------
connect -url tcp:127.0.0.1:3121
targets -set -filter {jtag_cable_name =~ "RealDigital Boo 887100000002A" && level==0 && jtag_device_ctx=="jsn1-0362f093-0"}
fpga -file C:/Users/bmg32/ECE_385_lab6_2/ECE_385_lab6_2.sdk/ECE_385_lab6_2_vitis/_ide/bitstream/mb_usb_hdmi_top.bit
targets -set -nocase -filter {name =~ "*microblaze*#0" && bscan=="USER2" }
loadhw -hw C:/Users/bmg32/ECE_385_lab6_2/ECE_385_lab6_2.sdk/mb_usb_hdmi_top/export/mb_usb_hdmi_top/hw/mb_usb_hdmi_top.xsa -regs
configparams mdm-detect-bscan-mask 2
targets -set -nocase -filter {name =~ "*microblaze*#0" && bscan=="USER2" }
rst -system
after 3000
targets -set -nocase -filter {name =~ "*microblaze*#0" && bscan=="USER2" }
dow C:/Users/bmg32/ECE_385_lab6_2/ECE_385_lab6_2.sdk/ECE_385_lab6_2_vitis/Debug/ECE_385_lab6_2_vitis.elf
----------------End of Script----------------

18:44:15 INFO  : Context for processor 'microblaze_0' is selected.
18:44:15 INFO  : 'con' command is executed.
18:44:15 INFO  : ----------------XSDB Script (After Launch)----------------
targets -set -nocase -filter {name =~ "*microblaze*#0" && bscan=="USER2" }
con
----------------End of Script----------------

18:44:15 INFO  : Disconnected from the channel tcfchan#70.
18:44:57 INFO  : Hardware specification for platform project 'mb_usb_hdmi_top' is updated.
18:45:08 INFO  : Result from executing command 'removePlatformRepo': 
18:45:22 INFO  : Result from executing command 'getProjects': mb_usb_hdmi_top
18:45:22 INFO  : Result from executing command 'getPlatforms': xilinx_vck190_base_202220_1|C:/Xilinx/Vitis/2022.2/base_platforms/xilinx_vck190_base_202220_1/xilinx_vck190_base_202220_1.xpfm;xilinx_vck190_base_dfx_202220_1|C:/Xilinx/Vitis/2022.2/base_platforms/xilinx_vck190_base_dfx_202220_1/xilinx_vck190_base_dfx_202220_1.xpfm;xilinx_vmk180_base_202220_1|C:/Xilinx/Vitis/2022.2/base_platforms/xilinx_vmk180_base_202220_1/xilinx_vmk180_base_202220_1.xpfm;xilinx_zcu102_base_202220_1|C:/Xilinx/Vitis/2022.2/base_platforms/xilinx_zcu102_base_202220_1/xilinx_zcu102_base_202220_1.xpfm;xilinx_zcu102_base_dfx_202220_1|C:/Xilinx/Vitis/2022.2/base_platforms/xilinx_zcu102_base_dfx_202220_1/xilinx_zcu102_base_dfx_202220_1.xpfm;xilinx_zcu104_base_202220_1|C:/Xilinx/Vitis/2022.2/base_platforms/xilinx_zcu104_base_202220_1/xilinx_zcu104_base_202220_1.xpfm
18:45:23 INFO  : Checking for BSP changes to sync application flags for project 'ECE_385_lab6_2_vitis'...
18:45:28 INFO  : The hardware specification used by project 'ECE_385_lab6_2_vitis' is out of sync with the platform. Resource files extracted from the hardware specification will be updated.
18:45:28 INFO  : The file 'C:\Users\bmg32\ECE_385_lab6_2\ECE_385_lab6_2.sdk\ECE_385_lab6_2_vitis\_ide\bitstream\mb_usb_hdmi_top.bit' stored in project is removed.
18:45:28 INFO  : The file 'C:\Users\bmg32\ECE_385_lab6_2\ECE_385_lab6_2.sdk\ECE_385_lab6_2_vitis\_ide\bitstream\mb_usb_hdmi_top.mmi' stored in project is removed.
18:45:28 INFO  : The updated bitstream files are copied from platform to folder 'C:\Users\bmg32\ECE_385_lab6_2\ECE_385_lab6_2.sdk\ECE_385_lab6_2_vitis\_ide\bitstream' in project 'ECE_385_lab6_2_vitis'.
18:45:33 INFO  : Connected to target on host '127.0.0.1' and port '3121'.
18:45:34 INFO  : Jtag cable 'RealDigital Boo 887100000002A' is selected.
18:45:34 INFO  : 'jtag frequency' command is executed.
18:45:34 INFO  : 'targets -set -filter {jtag_cable_name =~ "RealDigital Boo 887100000002A" && level==0 && jtag_device_ctx=="jsn1-0362f093-0"}' command is executed.
18:45:35 INFO  : Device configured successfully with "C:/Users/bmg32/ECE_385_lab6_2/ECE_385_lab6_2.sdk/ECE_385_lab6_2_vitis/_ide/bitstream/mb_usb_hdmi_top.bit"
18:45:35 INFO  : Context for processor 'microblaze_0' is selected.
18:45:35 INFO  : Hardware design and registers information is loaded from 'C:/Users/bmg32/ECE_385_lab6_2/ECE_385_lab6_2.sdk/mb_usb_hdmi_top/export/mb_usb_hdmi_top/hw/mb_usb_hdmi_top.xsa'.
18:45:35 INFO  : 'configparams mdm-detect-bscan-mask 2' command is executed.
18:45:35 INFO  : Context for processor 'microblaze_0' is selected.
18:45:35 INFO  : System reset is completed.
18:45:38 INFO  : 'after 3000' command is executed.
18:45:38 INFO  : Context for processor 'microblaze_0' is selected.
18:45:39 INFO  : The application 'C:/Users/bmg32/ECE_385_lab6_2/ECE_385_lab6_2.sdk/ECE_385_lab6_2_vitis/Debug/ECE_385_lab6_2_vitis.elf' is downloaded to processor 'microblaze_0'.
18:45:39 INFO  : ----------------XSDB Script----------------
connect -url tcp:127.0.0.1:3121
targets -set -filter {jtag_cable_name =~ "RealDigital Boo 887100000002A" && level==0 && jtag_device_ctx=="jsn1-0362f093-0"}
fpga -file C:/Users/bmg32/ECE_385_lab6_2/ECE_385_lab6_2.sdk/ECE_385_lab6_2_vitis/_ide/bitstream/mb_usb_hdmi_top.bit
targets -set -nocase -filter {name =~ "*microblaze*#0" && bscan=="USER2" }
loadhw -hw C:/Users/bmg32/ECE_385_lab6_2/ECE_385_lab6_2.sdk/mb_usb_hdmi_top/export/mb_usb_hdmi_top/hw/mb_usb_hdmi_top.xsa -regs
configparams mdm-detect-bscan-mask 2
targets -set -nocase -filter {name =~ "*microblaze*#0" && bscan=="USER2" }
rst -system
after 3000
targets -set -nocase -filter {name =~ "*microblaze*#0" && bscan=="USER2" }
dow C:/Users/bmg32/ECE_385_lab6_2/ECE_385_lab6_2.sdk/ECE_385_lab6_2_vitis/Debug/ECE_385_lab6_2_vitis.elf
----------------End of Script----------------

18:45:39 INFO  : Context for processor 'microblaze_0' is selected.
18:45:39 INFO  : 'con' command is executed.
18:45:39 INFO  : ----------------XSDB Script (After Launch)----------------
targets -set -nocase -filter {name =~ "*microblaze*#0" && bscan=="USER2" }
con
----------------End of Script----------------

18:45:39 INFO  : Disconnected from the channel tcfchan#73.
18:45:43 INFO  : Connected to target on host '127.0.0.1' and port '3121'.
18:45:44 INFO  : Jtag cable 'RealDigital Boo 887100000002A' is selected.
18:45:44 INFO  : 'jtag frequency' command is executed.
18:45:47 ERROR : no targets found with "jtag_cable_name =~ "RealDigital Boo 887100000002A" && level==0 && jtag_device_ctx=="jsn1-0362f093-0"". available targets:
  1  xc7s50
     2  MicroBlaze Debug Module at USER2
        3  MicroBlaze #0 (Running)
18:45:47 ERROR : Exception occured while running Program Device.
java.lang.RuntimeException: no targets found with "jtag_cable_name =~ "RealDigital Boo 887100000002A" && level==0 && jtag_device_ctx=="jsn1-0362f093-0"". available targets:
  1  xc7s50
     2  MicroBlaze Debug Module at USER2
        3  MicroBlaze #0 (Running)
18:45:47 INFO  : ----------------XSDB Script----------------
connect -url tcp:127.0.0.1:3121
----------------End of Script----------------

18:45:47 ERROR : no targets found with "jtag_cable_name =~ "RealDigital Boo 887100000002A" && level==0 && jtag_device_ctx=="jsn1-0362f093-0"". available targets:
  1  xc7s50
     2  MicroBlaze Debug Module at USER2
        3  MicroBlaze #0 (Running)
18:45:54 INFO  : Checking for BSP changes to sync application flags for project 'ECE_385_lab6_2_vitis'...
18:45:57 INFO  : Connected to target on host '127.0.0.1' and port '3121'.
18:45:57 INFO  : Jtag cable 'RealDigital Boo 887100000002A' is selected.
18:45:57 INFO  : 'jtag frequency' command is executed.
18:46:00 ERROR : no targets found with "jtag_cable_name =~ "RealDigital Boo 887100000002A" && level==0 && jtag_device_ctx=="jsn1-0362f093-0"". available targets:
  1  xc7s50
     2  MicroBlaze Debug Module at USER2
        3  MicroBlaze #0 (Running)
18:46:00 ERROR : Exception occured while running Program Device.
java.lang.RuntimeException: no targets found with "jtag_cable_name =~ "RealDigital Boo 887100000002A" && level==0 && jtag_device_ctx=="jsn1-0362f093-0"". available targets:
  1  xc7s50
     2  MicroBlaze Debug Module at USER2
        3  MicroBlaze #0 (Running)
18:46:00 INFO  : ----------------XSDB Script----------------
connect -url tcp:127.0.0.1:3121
----------------End of Script----------------

18:46:00 ERROR : no targets found with "jtag_cable_name =~ "RealDigital Boo 887100000002A" && level==0 && jtag_device_ctx=="jsn1-0362f093-0"". available targets:
  1  xc7s50
     2  MicroBlaze Debug Module at USER2
        3  MicroBlaze #0 (Running)
18:46:18 DEBUG : Logs will be stored at 'C:/Users/bmg32/ECE_385_lab6_2/ECE_385_lab6_2.sdk/IDE.log'.
18:46:19 INFO  : Launching XSCT server: xsct.bat -n  -interactive C:\Users\bmg32\ECE_385_lab6_2\ECE_385_lab6_2.sdk\temp_xsdb_launch_script.tcl
18:46:21 INFO  : XSCT server has started successfully.
18:46:21 INFO  : plnx-install-location is set to ''
18:46:21 INFO  : Successfully done setting XSCT server connection channel  
18:46:21 INFO  : Successfully done setting workspace for the tool. 
18:46:22 INFO  : Successfully done query RDI_DATADIR 
18:46:22 INFO  : Registering command handlers for Vitis TCF services
18:46:23 INFO  : Checking for BSP changes to sync application flags for project 'ECE_385_lab6_2_vitis'...
18:46:23 INFO  : Platform repository initialization has completed.
18:46:39 INFO  : Connected to target on host '127.0.0.1' and port '3121'.
18:46:40 INFO  : Jtag cable 'RealDigital Boo 887100000002A' is selected.
18:46:40 INFO  : 'jtag frequency' command is executed.
18:46:40 INFO  : 'targets -set -filter {jtag_cable_name =~ "RealDigital Boo 887100000002A" && level==0 && jtag_device_ctx=="jsn1-0362f093-0"}' command is executed.
18:46:41 INFO  : Device configured successfully with "C:/Users/bmg32/ECE_385_lab6_2/ECE_385_lab6_2.sdk/ECE_385_lab6_2_vitis/_ide/bitstream/mb_usb_hdmi_top.bit"
18:46:41 INFO  : Context for processor 'microblaze_0' is selected.
18:46:41 INFO  : Hardware design and registers information is loaded from 'C:/Users/bmg32/ECE_385_lab6_2/ECE_385_lab6_2.sdk/mb_usb_hdmi_top/export/mb_usb_hdmi_top/hw/mb_usb_hdmi_top.xsa'.
18:46:41 INFO  : 'configparams mdm-detect-bscan-mask 2' command is executed.
18:46:41 INFO  : Context for processor 'microblaze_0' is selected.
18:46:41 INFO  : System reset is completed.
18:46:44 INFO  : 'after 3000' command is executed.
18:46:44 INFO  : Context for processor 'microblaze_0' is selected.
18:46:45 INFO  : The application 'C:/Users/bmg32/ECE_385_lab6_2/ECE_385_lab6_2.sdk/ECE_385_lab6_2_vitis/Debug/ECE_385_lab6_2_vitis.elf' is downloaded to processor 'microblaze_0'.
18:46:45 INFO  : ----------------XSDB Script----------------
connect -url tcp:127.0.0.1:3121
targets -set -filter {jtag_cable_name =~ "RealDigital Boo 887100000002A" && level==0 && jtag_device_ctx=="jsn1-0362f093-0"}
fpga -file C:/Users/bmg32/ECE_385_lab6_2/ECE_385_lab6_2.sdk/ECE_385_lab6_2_vitis/_ide/bitstream/mb_usb_hdmi_top.bit
targets -set -nocase -filter {name =~ "*microblaze*#0" && bscan=="USER2" }
loadhw -hw C:/Users/bmg32/ECE_385_lab6_2/ECE_385_lab6_2.sdk/mb_usb_hdmi_top/export/mb_usb_hdmi_top/hw/mb_usb_hdmi_top.xsa -regs
configparams mdm-detect-bscan-mask 2
targets -set -nocase -filter {name =~ "*microblaze*#0" && bscan=="USER2" }
rst -system
after 3000
targets -set -nocase -filter {name =~ "*microblaze*#0" && bscan=="USER2" }
dow C:/Users/bmg32/ECE_385_lab6_2/ECE_385_lab6_2.sdk/ECE_385_lab6_2_vitis/Debug/ECE_385_lab6_2_vitis.elf
----------------End of Script----------------

18:46:45 INFO  : Context for processor 'microblaze_0' is selected.
18:46:45 INFO  : 'con' command is executed.
18:46:45 INFO  : ----------------XSDB Script (After Launch)----------------
targets -set -nocase -filter {name =~ "*microblaze*#0" && bscan=="USER2" }
con
----------------End of Script----------------

18:46:45 INFO  : Disconnected from the channel tcfchan#1.
18:51:19 INFO  : Hardware specification for platform project 'mb_usb_hdmi_top' is updated.
18:51:30 INFO  : Result from executing command 'removePlatformRepo': 
18:51:39 INFO  : Result from executing command 'getProjects': mb_usb_hdmi_top
18:51:39 INFO  : Result from executing command 'getPlatforms': xilinx_vck190_base_202220_1|C:/Xilinx/Vitis/2022.2/base_platforms/xilinx_vck190_base_202220_1/xilinx_vck190_base_202220_1.xpfm;xilinx_vck190_base_dfx_202220_1|C:/Xilinx/Vitis/2022.2/base_platforms/xilinx_vck190_base_dfx_202220_1/xilinx_vck190_base_dfx_202220_1.xpfm;xilinx_vmk180_base_202220_1|C:/Xilinx/Vitis/2022.2/base_platforms/xilinx_vmk180_base_202220_1/xilinx_vmk180_base_202220_1.xpfm;xilinx_zcu102_base_202220_1|C:/Xilinx/Vitis/2022.2/base_platforms/xilinx_zcu102_base_202220_1/xilinx_zcu102_base_202220_1.xpfm;xilinx_zcu102_base_dfx_202220_1|C:/Xilinx/Vitis/2022.2/base_platforms/xilinx_zcu102_base_dfx_202220_1/xilinx_zcu102_base_dfx_202220_1.xpfm;xilinx_zcu104_base_202220_1|C:/Xilinx/Vitis/2022.2/base_platforms/xilinx_zcu104_base_202220_1/xilinx_zcu104_base_202220_1.xpfm
18:51:40 INFO  : Checking for BSP changes to sync application flags for project 'ECE_385_lab6_2_vitis'...
18:51:40 WARN  : Failed to closehw "C:/Users/bmg32/ECE_385_lab6_2/ECE_385_lab6_2.sdk/mb_usb_hdmi_top/export/mb_usb_hdmi_top/hw/mb_usb_hdmi_top.xsa"
Reason: Cannot close hw design 'C:/Users/bmg32/ECE_385_lab6_2/ECE_385_lab6_2.sdk/mb_usb_hdmi_top/export/mb_usb_hdmi_top/hw/mb_usb_hdmi_top.xsa'.
Design is not opened in the current session.

18:51:44 INFO  : The hardware specification used by project 'ECE_385_lab6_2_vitis' is out of sync with the platform. Resource files extracted from the hardware specification will be updated.
18:51:44 INFO  : The file 'C:\Users\bmg32\ECE_385_lab6_2\ECE_385_lab6_2.sdk\ECE_385_lab6_2_vitis\_ide\bitstream\mb_usb_hdmi_top.bit' stored in project is removed.
18:51:44 INFO  : The file 'C:\Users\bmg32\ECE_385_lab6_2\ECE_385_lab6_2.sdk\ECE_385_lab6_2_vitis\_ide\bitstream\mb_usb_hdmi_top.mmi' stored in project is removed.
18:51:44 INFO  : The updated bitstream files are copied from platform to folder 'C:\Users\bmg32\ECE_385_lab6_2\ECE_385_lab6_2.sdk\ECE_385_lab6_2_vitis\_ide\bitstream' in project 'ECE_385_lab6_2_vitis'.
18:51:52 INFO  : Connected to target on host '127.0.0.1' and port '3121'.
18:51:52 INFO  : Jtag cable 'RealDigital Boo 887100000002A' is selected.
18:51:52 INFO  : 'jtag frequency' command is executed.
18:51:52 INFO  : 'targets -set -filter {jtag_cable_name =~ "RealDigital Boo 887100000002A" && level==0 && jtag_device_ctx=="jsn1-0362f093-0"}' command is executed.
18:51:53 INFO  : Device configured successfully with "C:/Users/bmg32/ECE_385_lab6_2/ECE_385_lab6_2.sdk/ECE_385_lab6_2_vitis/_ide/bitstream/mb_usb_hdmi_top.bit"
18:51:54 INFO  : Context for processor 'microblaze_0' is selected.
18:51:54 INFO  : Hardware design and registers information is loaded from 'C:/Users/bmg32/ECE_385_lab6_2/ECE_385_lab6_2.sdk/mb_usb_hdmi_top/export/mb_usb_hdmi_top/hw/mb_usb_hdmi_top.xsa'.
18:51:54 INFO  : 'configparams mdm-detect-bscan-mask 2' command is executed.
18:51:54 INFO  : Context for processor 'microblaze_0' is selected.
18:51:54 INFO  : System reset is completed.
18:51:57 INFO  : 'after 3000' command is executed.
18:51:57 INFO  : Context for processor 'microblaze_0' is selected.
18:51:57 INFO  : The application 'C:/Users/bmg32/ECE_385_lab6_2/ECE_385_lab6_2.sdk/ECE_385_lab6_2_vitis/Debug/ECE_385_lab6_2_vitis.elf' is downloaded to processor 'microblaze_0'.
18:51:57 INFO  : ----------------XSDB Script----------------
connect -url tcp:127.0.0.1:3121
targets -set -filter {jtag_cable_name =~ "RealDigital Boo 887100000002A" && level==0 && jtag_device_ctx=="jsn1-0362f093-0"}
fpga -file C:/Users/bmg32/ECE_385_lab6_2/ECE_385_lab6_2.sdk/ECE_385_lab6_2_vitis/_ide/bitstream/mb_usb_hdmi_top.bit
targets -set -nocase -filter {name =~ "*microblaze*#0" && bscan=="USER2" }
loadhw -hw C:/Users/bmg32/ECE_385_lab6_2/ECE_385_lab6_2.sdk/mb_usb_hdmi_top/export/mb_usb_hdmi_top/hw/mb_usb_hdmi_top.xsa -regs
configparams mdm-detect-bscan-mask 2
targets -set -nocase -filter {name =~ "*microblaze*#0" && bscan=="USER2" }
rst -system
after 3000
targets -set -nocase -filter {name =~ "*microblaze*#0" && bscan=="USER2" }
dow C:/Users/bmg32/ECE_385_lab6_2/ECE_385_lab6_2.sdk/ECE_385_lab6_2_vitis/Debug/ECE_385_lab6_2_vitis.elf
----------------End of Script----------------

18:51:57 INFO  : Context for processor 'microblaze_0' is selected.
18:51:57 INFO  : 'con' command is executed.
18:51:57 INFO  : ----------------XSDB Script (After Launch)----------------
targets -set -nocase -filter {name =~ "*microblaze*#0" && bscan=="USER2" }
con
----------------End of Script----------------

18:51:57 INFO  : Disconnected from the channel tcfchan#4.
14:17:20 DEBUG : Logs will be stored at 'C:/Users/bmg32/ECE_385_lab6_2/ECE_385_lab6_2.sdk/IDE.log'.
14:17:21 INFO  : Launching XSCT server: xsct.bat -n  -interactive C:\Users\bmg32\ECE_385_lab6_2\ECE_385_lab6_2.sdk\temp_xsdb_launch_script.tcl
14:17:23 INFO  : XSCT server has started successfully.
14:17:23 INFO  : plnx-install-location is set to ''
14:17:23 INFO  : Successfully done setting XSCT server connection channel  
14:17:23 INFO  : Successfully done setting workspace for the tool. 
14:17:24 INFO  : Registering command handlers for Vitis TCF services
14:17:24 INFO  : Successfully done query RDI_DATADIR 
14:17:25 INFO  : Platform repository initialization has completed.
14:18:24 INFO  : Connected to target on host '127.0.0.1' and port '3121'.
14:18:24 INFO  : Jtag cable 'RealDigital Boo 887100000002A' is selected.
14:18:24 INFO  : 'jtag frequency' command is executed.
14:18:24 INFO  : 'targets -set -filter {jtag_cable_name =~ "RealDigital Boo 887100000002A" && level==0 && jtag_device_ctx=="jsn1-0362f093-0"}' command is executed.
14:18:26 INFO  : Device configured successfully with "C:/Users/bmg32/ECE_385_lab6_2/ECE_385_lab6_2.sdk/ECE_385_lab6_2_vitis/_ide/bitstream/mb_usb_hdmi_top.bit"
14:18:26 INFO  : Context for processor 'microblaze_0' is selected.
14:18:26 INFO  : Hardware design and registers information is loaded from 'C:/Users/bmg32/ECE_385_lab6_2/ECE_385_lab6_2.sdk/mb_usb_hdmi_top/export/mb_usb_hdmi_top/hw/mb_usb_hdmi_top.xsa'.
14:18:26 INFO  : 'configparams mdm-detect-bscan-mask 2' command is executed.
14:18:26 INFO  : Context for processor 'microblaze_0' is selected.
14:18:26 INFO  : System reset is completed.
14:18:29 INFO  : 'after 3000' command is executed.
14:18:29 INFO  : Context for processor 'microblaze_0' is selected.
14:18:29 INFO  : The application 'C:/Users/bmg32/ECE_385_lab6_2/ECE_385_lab6_2.sdk/ECE_385_lab6_2_vitis/Debug/ECE_385_lab6_2_vitis.elf' is downloaded to processor 'microblaze_0'.
14:18:29 INFO  : ----------------XSDB Script----------------
connect -url tcp:127.0.0.1:3121
targets -set -filter {jtag_cable_name =~ "RealDigital Boo 887100000002A" && level==0 && jtag_device_ctx=="jsn1-0362f093-0"}
fpga -file C:/Users/bmg32/ECE_385_lab6_2/ECE_385_lab6_2.sdk/ECE_385_lab6_2_vitis/_ide/bitstream/mb_usb_hdmi_top.bit
targets -set -nocase -filter {name =~ "*microblaze*#0" && bscan=="USER2" }
loadhw -hw C:/Users/bmg32/ECE_385_lab6_2/ECE_385_lab6_2.sdk/mb_usb_hdmi_top/export/mb_usb_hdmi_top/hw/mb_usb_hdmi_top.xsa -regs
configparams mdm-detect-bscan-mask 2
targets -set -nocase -filter {name =~ "*microblaze*#0" && bscan=="USER2" }
rst -system
after 3000
targets -set -nocase -filter {name =~ "*microblaze*#0" && bscan=="USER2" }
dow C:/Users/bmg32/ECE_385_lab6_2/ECE_385_lab6_2.sdk/ECE_385_lab6_2_vitis/Debug/ECE_385_lab6_2_vitis.elf
----------------End of Script----------------

14:18:29 INFO  : Context for processor 'microblaze_0' is selected.
14:18:29 INFO  : 'con' command is executed.
14:18:29 INFO  : ----------------XSDB Script (After Launch)----------------
targets -set -nocase -filter {name =~ "*microblaze*#0" && bscan=="USER2" }
con
----------------End of Script----------------

14:18:29 INFO  : Disconnected from the channel tcfchan#1.
14:18:40 INFO  : Connected to target on host '127.0.0.1' and port '3121'.
14:18:40 INFO  : Jtag cable 'RealDigital Boo 887100000002A' is selected.
14:18:40 INFO  : 'jtag frequency' command is executed.
14:18:43 ERROR : no targets found with "jtag_cable_name =~ "RealDigital Boo 887100000002A" && level==0 && jtag_device_ctx=="jsn1-0362f093-0"". available targets:
  1  xc7s50
     2  MicroBlaze Debug Module at USER2
        3  MicroBlaze #0 (Running)
14:18:43 ERROR : Exception occured while running Program Device.
java.lang.RuntimeException: no targets found with "jtag_cable_name =~ "RealDigital Boo 887100000002A" && level==0 && jtag_device_ctx=="jsn1-0362f093-0"". available targets:
  1  xc7s50
     2  MicroBlaze Debug Module at USER2
        3  MicroBlaze #0 (Running)
14:18:43 INFO  : ----------------XSDB Script----------------
connect -url tcp:127.0.0.1:3121
----------------End of Script----------------

14:18:43 ERROR : no targets found with "jtag_cable_name =~ "RealDigital Boo 887100000002A" && level==0 && jtag_device_ctx=="jsn1-0362f093-0"". available targets:
  1  xc7s50
     2  MicroBlaze Debug Module at USER2
        3  MicroBlaze #0 (Running)
14:19:02 DEBUG : Logs will be stored at 'C:/Users/bmg32/ECE_385_lab6_2/ECE_385_lab6_2.sdk/IDE.log'.
14:19:02 INFO  : Launching XSCT server: xsct.bat -n  -interactive C:\Users\bmg32\ECE_385_lab6_2\ECE_385_lab6_2.sdk\temp_xsdb_launch_script.tcl
14:19:04 INFO  : XSCT server has started successfully.
14:19:04 INFO  : plnx-install-location is set to ''
14:19:04 INFO  : Successfully done setting XSCT server connection channel  
14:19:04 INFO  : Successfully done setting workspace for the tool. 
14:19:05 INFO  : Successfully done query RDI_DATADIR 
14:19:05 INFO  : Registering command handlers for Vitis TCF services
14:19:05 INFO  : Platform repository initialization has completed.
14:28:36 INFO  : Hardware specification for platform project 'mb_usb_hdmi_top' is updated.
14:28:50 INFO  : Result from executing command 'removePlatformRepo': 
14:28:59 INFO  : Result from executing command 'getProjects': mb_usb_hdmi_top
14:28:59 INFO  : Result from executing command 'getPlatforms': xilinx_vck190_base_202220_1|C:/Xilinx/Vitis/2022.2/base_platforms/xilinx_vck190_base_202220_1/xilinx_vck190_base_202220_1.xpfm;xilinx_vck190_base_dfx_202220_1|C:/Xilinx/Vitis/2022.2/base_platforms/xilinx_vck190_base_dfx_202220_1/xilinx_vck190_base_dfx_202220_1.xpfm;xilinx_vmk180_base_202220_1|C:/Xilinx/Vitis/2022.2/base_platforms/xilinx_vmk180_base_202220_1/xilinx_vmk180_base_202220_1.xpfm;xilinx_zcu102_base_202220_1|C:/Xilinx/Vitis/2022.2/base_platforms/xilinx_zcu102_base_202220_1/xilinx_zcu102_base_202220_1.xpfm;xilinx_zcu102_base_dfx_202220_1|C:/Xilinx/Vitis/2022.2/base_platforms/xilinx_zcu102_base_dfx_202220_1/xilinx_zcu102_base_dfx_202220_1.xpfm;xilinx_zcu104_base_202220_1|C:/Xilinx/Vitis/2022.2/base_platforms/xilinx_zcu104_base_202220_1/xilinx_zcu104_base_202220_1.xpfm
14:29:00 INFO  : Checking for BSP changes to sync application flags for project 'ECE_385_lab6_2_vitis'...
14:29:02 INFO  : The hardware specification used by project 'ECE_385_lab6_2_vitis' is out of sync with the platform. Resource files extracted from the hardware specification will be updated.
14:29:02 INFO  : The file 'C:\Users\bmg32\ECE_385_lab6_2\ECE_385_lab6_2.sdk\ECE_385_lab6_2_vitis\_ide\bitstream\mb_usb_hdmi_top.bit' stored in project is removed.
14:29:02 INFO  : The file 'C:\Users\bmg32\ECE_385_lab6_2\ECE_385_lab6_2.sdk\ECE_385_lab6_2_vitis\_ide\bitstream\mb_usb_hdmi_top.mmi' stored in project is removed.
14:29:02 INFO  : The updated bitstream files are copied from platform to folder 'C:\Users\bmg32\ECE_385_lab6_2\ECE_385_lab6_2.sdk\ECE_385_lab6_2_vitis\_ide\bitstream' in project 'ECE_385_lab6_2_vitis'.
14:29:08 INFO  : Connected to target on host '127.0.0.1' and port '3121'.
14:29:08 INFO  : Jtag cable 'RealDigital Boo 887100000002A' is selected.
14:29:08 INFO  : 'jtag frequency' command is executed.
14:29:08 INFO  : 'targets -set -filter {jtag_cable_name =~ "RealDigital Boo 887100000002A" && level==0 && jtag_device_ctx=="jsn1-0362f093-0"}' command is executed.
14:29:09 INFO  : Device configured successfully with "C:/Users/bmg32/ECE_385_lab6_2/ECE_385_lab6_2.sdk/ECE_385_lab6_2_vitis/_ide/bitstream/mb_usb_hdmi_top.bit"
14:29:09 INFO  : Context for processor 'microblaze_0' is selected.
14:29:09 INFO  : Hardware design and registers information is loaded from 'C:/Users/bmg32/ECE_385_lab6_2/ECE_385_lab6_2.sdk/mb_usb_hdmi_top/export/mb_usb_hdmi_top/hw/mb_usb_hdmi_top.xsa'.
14:29:10 INFO  : 'configparams mdm-detect-bscan-mask 2' command is executed.
14:29:10 INFO  : Context for processor 'microblaze_0' is selected.
14:29:10 INFO  : System reset is completed.
14:29:13 INFO  : 'after 3000' command is executed.
14:29:13 INFO  : Context for processor 'microblaze_0' is selected.
14:29:13 INFO  : The application 'C:/Users/bmg32/ECE_385_lab6_2/ECE_385_lab6_2.sdk/ECE_385_lab6_2_vitis/Debug/ECE_385_lab6_2_vitis.elf' is downloaded to processor 'microblaze_0'.
14:29:13 INFO  : ----------------XSDB Script----------------
connect -url tcp:127.0.0.1:3121
targets -set -filter {jtag_cable_name =~ "RealDigital Boo 887100000002A" && level==0 && jtag_device_ctx=="jsn1-0362f093-0"}
fpga -file C:/Users/bmg32/ECE_385_lab6_2/ECE_385_lab6_2.sdk/ECE_385_lab6_2_vitis/_ide/bitstream/mb_usb_hdmi_top.bit
targets -set -nocase -filter {name =~ "*microblaze*#0" && bscan=="USER2" }
loadhw -hw C:/Users/bmg32/ECE_385_lab6_2/ECE_385_lab6_2.sdk/mb_usb_hdmi_top/export/mb_usb_hdmi_top/hw/mb_usb_hdmi_top.xsa -regs
configparams mdm-detect-bscan-mask 2
targets -set -nocase -filter {name =~ "*microblaze*#0" && bscan=="USER2" }
rst -system
after 3000
targets -set -nocase -filter {name =~ "*microblaze*#0" && bscan=="USER2" }
dow C:/Users/bmg32/ECE_385_lab6_2/ECE_385_lab6_2.sdk/ECE_385_lab6_2_vitis/Debug/ECE_385_lab6_2_vitis.elf
----------------End of Script----------------

14:29:13 INFO  : Context for processor 'microblaze_0' is selected.
14:29:13 INFO  : 'con' command is executed.
14:29:13 INFO  : ----------------XSDB Script (After Launch)----------------
targets -set -nocase -filter {name =~ "*microblaze*#0" && bscan=="USER2" }
con
----------------End of Script----------------

14:29:13 INFO  : Disconnected from the channel tcfchan#3.
14:33:21 INFO  : Hardware specification for platform project 'mb_usb_hdmi_top' is updated.
14:33:35 INFO  : Result from executing command 'removePlatformRepo': 
14:33:44 INFO  : Result from executing command 'getProjects': mb_usb_hdmi_top
14:33:44 INFO  : Result from executing command 'getPlatforms': xilinx_vck190_base_202220_1|C:/Xilinx/Vitis/2022.2/base_platforms/xilinx_vck190_base_202220_1/xilinx_vck190_base_202220_1.xpfm;xilinx_vck190_base_dfx_202220_1|C:/Xilinx/Vitis/2022.2/base_platforms/xilinx_vck190_base_dfx_202220_1/xilinx_vck190_base_dfx_202220_1.xpfm;xilinx_vmk180_base_202220_1|C:/Xilinx/Vitis/2022.2/base_platforms/xilinx_vmk180_base_202220_1/xilinx_vmk180_base_202220_1.xpfm;xilinx_zcu102_base_202220_1|C:/Xilinx/Vitis/2022.2/base_platforms/xilinx_zcu102_base_202220_1/xilinx_zcu102_base_202220_1.xpfm;xilinx_zcu102_base_dfx_202220_1|C:/Xilinx/Vitis/2022.2/base_platforms/xilinx_zcu102_base_dfx_202220_1/xilinx_zcu102_base_dfx_202220_1.xpfm;xilinx_zcu104_base_202220_1|C:/Xilinx/Vitis/2022.2/base_platforms/xilinx_zcu104_base_202220_1/xilinx_zcu104_base_202220_1.xpfm
14:33:44 INFO  : Checking for BSP changes to sync application flags for project 'ECE_385_lab6_2_vitis'...
14:33:47 INFO  : The hardware specification used by project 'ECE_385_lab6_2_vitis' is out of sync with the platform. Resource files extracted from the hardware specification will be updated.
14:33:47 INFO  : The file 'C:\Users\bmg32\ECE_385_lab6_2\ECE_385_lab6_2.sdk\ECE_385_lab6_2_vitis\_ide\bitstream\mb_usb_hdmi_top.bit' stored in project is removed.
14:33:47 INFO  : The file 'C:\Users\bmg32\ECE_385_lab6_2\ECE_385_lab6_2.sdk\ECE_385_lab6_2_vitis\_ide\bitstream\mb_usb_hdmi_top.mmi' stored in project is removed.
14:33:47 INFO  : The updated bitstream files are copied from platform to folder 'C:\Users\bmg32\ECE_385_lab6_2\ECE_385_lab6_2.sdk\ECE_385_lab6_2_vitis\_ide\bitstream' in project 'ECE_385_lab6_2_vitis'.
14:33:56 INFO  : Connected to target on host '127.0.0.1' and port '3121'.
14:33:56 INFO  : Jtag cable 'RealDigital Boo 887100000002A' is selected.
14:33:56 INFO  : 'jtag frequency' command is executed.
14:33:56 INFO  : 'targets -set -filter {jtag_cable_name =~ "RealDigital Boo 887100000002A" && level==0 && jtag_device_ctx=="jsn1-0362f093-0"}' command is executed.
14:33:57 INFO  : Device configured successfully with "C:/Users/bmg32/ECE_385_lab6_2/ECE_385_lab6_2.sdk/ECE_385_lab6_2_vitis/_ide/bitstream/mb_usb_hdmi_top.bit"
14:33:57 INFO  : Context for processor 'microblaze_0' is selected.
14:33:57 INFO  : Hardware design and registers information is loaded from 'C:/Users/bmg32/ECE_385_lab6_2/ECE_385_lab6_2.sdk/mb_usb_hdmi_top/export/mb_usb_hdmi_top/hw/mb_usb_hdmi_top.xsa'.
14:33:57 INFO  : 'configparams mdm-detect-bscan-mask 2' command is executed.
14:33:57 INFO  : Context for processor 'microblaze_0' is selected.
14:33:57 INFO  : System reset is completed.
14:34:00 INFO  : 'after 3000' command is executed.
14:34:00 INFO  : Context for processor 'microblaze_0' is selected.
14:34:01 INFO  : The application 'C:/Users/bmg32/ECE_385_lab6_2/ECE_385_lab6_2.sdk/ECE_385_lab6_2_vitis/Debug/ECE_385_lab6_2_vitis.elf' is downloaded to processor 'microblaze_0'.
14:34:01 INFO  : ----------------XSDB Script----------------
connect -url tcp:127.0.0.1:3121
targets -set -filter {jtag_cable_name =~ "RealDigital Boo 887100000002A" && level==0 && jtag_device_ctx=="jsn1-0362f093-0"}
fpga -file C:/Users/bmg32/ECE_385_lab6_2/ECE_385_lab6_2.sdk/ECE_385_lab6_2_vitis/_ide/bitstream/mb_usb_hdmi_top.bit
targets -set -nocase -filter {name =~ "*microblaze*#0" && bscan=="USER2" }
loadhw -hw C:/Users/bmg32/ECE_385_lab6_2/ECE_385_lab6_2.sdk/mb_usb_hdmi_top/export/mb_usb_hdmi_top/hw/mb_usb_hdmi_top.xsa -regs
configparams mdm-detect-bscan-mask 2
targets -set -nocase -filter {name =~ "*microblaze*#0" && bscan=="USER2" }
rst -system
after 3000
targets -set -nocase -filter {name =~ "*microblaze*#0" && bscan=="USER2" }
dow C:/Users/bmg32/ECE_385_lab6_2/ECE_385_lab6_2.sdk/ECE_385_lab6_2_vitis/Debug/ECE_385_lab6_2_vitis.elf
----------------End of Script----------------

14:34:01 INFO  : Context for processor 'microblaze_0' is selected.
14:34:01 INFO  : 'con' command is executed.
14:34:01 INFO  : ----------------XSDB Script (After Launch)----------------
targets -set -nocase -filter {name =~ "*microblaze*#0" && bscan=="USER2" }
con
----------------End of Script----------------

14:34:01 INFO  : Disconnected from the channel tcfchan#6.
14:37:54 INFO  : Hardware specification for platform project 'mb_usb_hdmi_top' is updated.
14:38:07 INFO  : Result from executing command 'removePlatformRepo': 
14:38:15 INFO  : Result from executing command 'getProjects': mb_usb_hdmi_top
14:38:15 INFO  : Result from executing command 'getPlatforms': xilinx_vck190_base_202220_1|C:/Xilinx/Vitis/2022.2/base_platforms/xilinx_vck190_base_202220_1/xilinx_vck190_base_202220_1.xpfm;xilinx_vck190_base_dfx_202220_1|C:/Xilinx/Vitis/2022.2/base_platforms/xilinx_vck190_base_dfx_202220_1/xilinx_vck190_base_dfx_202220_1.xpfm;xilinx_vmk180_base_202220_1|C:/Xilinx/Vitis/2022.2/base_platforms/xilinx_vmk180_base_202220_1/xilinx_vmk180_base_202220_1.xpfm;xilinx_zcu102_base_202220_1|C:/Xilinx/Vitis/2022.2/base_platforms/xilinx_zcu102_base_202220_1/xilinx_zcu102_base_202220_1.xpfm;xilinx_zcu102_base_dfx_202220_1|C:/Xilinx/Vitis/2022.2/base_platforms/xilinx_zcu102_base_dfx_202220_1/xilinx_zcu102_base_dfx_202220_1.xpfm;xilinx_zcu104_base_202220_1|C:/Xilinx/Vitis/2022.2/base_platforms/xilinx_zcu104_base_202220_1/xilinx_zcu104_base_202220_1.xpfm
14:38:16 INFO  : Checking for BSP changes to sync application flags for project 'ECE_385_lab6_2_vitis'...
14:38:21 INFO  : The hardware specification used by project 'ECE_385_lab6_2_vitis' is out of sync with the platform. Resource files extracted from the hardware specification will be updated.
14:38:21 INFO  : The file 'C:\Users\bmg32\ECE_385_lab6_2\ECE_385_lab6_2.sdk\ECE_385_lab6_2_vitis\_ide\bitstream\mb_usb_hdmi_top.bit' stored in project is removed.
14:38:21 INFO  : The file 'C:\Users\bmg32\ECE_385_lab6_2\ECE_385_lab6_2.sdk\ECE_385_lab6_2_vitis\_ide\bitstream\mb_usb_hdmi_top.mmi' stored in project is removed.
14:38:21 INFO  : The updated bitstream files are copied from platform to folder 'C:\Users\bmg32\ECE_385_lab6_2\ECE_385_lab6_2.sdk\ECE_385_lab6_2_vitis\_ide\bitstream' in project 'ECE_385_lab6_2_vitis'.
14:38:27 INFO  : Connected to target on host '127.0.0.1' and port '3121'.
14:38:27 INFO  : Jtag cable 'RealDigital Boo 887100000002A' is selected.
14:38:27 INFO  : 'jtag frequency' command is executed.
14:38:27 INFO  : 'targets -set -filter {jtag_cable_name =~ "RealDigital Boo 887100000002A" && level==0 && jtag_device_ctx=="jsn1-0362f093-0"}' command is executed.
14:38:28 INFO  : Device configured successfully with "C:/Users/bmg32/ECE_385_lab6_2/ECE_385_lab6_2.sdk/ECE_385_lab6_2_vitis/_ide/bitstream/mb_usb_hdmi_top.bit"
14:38:28 INFO  : Context for processor 'microblaze_0' is selected.
14:38:28 INFO  : Hardware design and registers information is loaded from 'C:/Users/bmg32/ECE_385_lab6_2/ECE_385_lab6_2.sdk/mb_usb_hdmi_top/export/mb_usb_hdmi_top/hw/mb_usb_hdmi_top.xsa'.
14:38:28 INFO  : 'configparams mdm-detect-bscan-mask 2' command is executed.
14:38:28 INFO  : Context for processor 'microblaze_0' is selected.
14:38:28 INFO  : System reset is completed.
14:38:31 INFO  : 'after 3000' command is executed.
14:38:32 INFO  : Context for processor 'microblaze_0' is selected.
14:38:32 INFO  : The application 'C:/Users/bmg32/ECE_385_lab6_2/ECE_385_lab6_2.sdk/ECE_385_lab6_2_vitis/Debug/ECE_385_lab6_2_vitis.elf' is downloaded to processor 'microblaze_0'.
14:38:32 INFO  : ----------------XSDB Script----------------
connect -url tcp:127.0.0.1:3121
targets -set -filter {jtag_cable_name =~ "RealDigital Boo 887100000002A" && level==0 && jtag_device_ctx=="jsn1-0362f093-0"}
fpga -file C:/Users/bmg32/ECE_385_lab6_2/ECE_385_lab6_2.sdk/ECE_385_lab6_2_vitis/_ide/bitstream/mb_usb_hdmi_top.bit
targets -set -nocase -filter {name =~ "*microblaze*#0" && bscan=="USER2" }
loadhw -hw C:/Users/bmg32/ECE_385_lab6_2/ECE_385_lab6_2.sdk/mb_usb_hdmi_top/export/mb_usb_hdmi_top/hw/mb_usb_hdmi_top.xsa -regs
configparams mdm-detect-bscan-mask 2
targets -set -nocase -filter {name =~ "*microblaze*#0" && bscan=="USER2" }
rst -system
after 3000
targets -set -nocase -filter {name =~ "*microblaze*#0" && bscan=="USER2" }
dow C:/Users/bmg32/ECE_385_lab6_2/ECE_385_lab6_2.sdk/ECE_385_lab6_2_vitis/Debug/ECE_385_lab6_2_vitis.elf
----------------End of Script----------------

14:38:32 INFO  : Context for processor 'microblaze_0' is selected.
14:38:32 INFO  : 'con' command is executed.
14:38:32 INFO  : ----------------XSDB Script (After Launch)----------------
targets -set -nocase -filter {name =~ "*microblaze*#0" && bscan=="USER2" }
con
----------------End of Script----------------

14:38:32 INFO  : Disconnected from the channel tcfchan#9.
14:41:45 INFO  : Hardware specification for platform project 'mb_usb_hdmi_top' is updated.
14:41:58 INFO  : Result from executing command 'removePlatformRepo': 
14:42:06 INFO  : Result from executing command 'getProjects': mb_usb_hdmi_top
14:42:06 INFO  : Result from executing command 'getPlatforms': xilinx_vck190_base_202220_1|C:/Xilinx/Vitis/2022.2/base_platforms/xilinx_vck190_base_202220_1/xilinx_vck190_base_202220_1.xpfm;xilinx_vck190_base_dfx_202220_1|C:/Xilinx/Vitis/2022.2/base_platforms/xilinx_vck190_base_dfx_202220_1/xilinx_vck190_base_dfx_202220_1.xpfm;xilinx_vmk180_base_202220_1|C:/Xilinx/Vitis/2022.2/base_platforms/xilinx_vmk180_base_202220_1/xilinx_vmk180_base_202220_1.xpfm;xilinx_zcu102_base_202220_1|C:/Xilinx/Vitis/2022.2/base_platforms/xilinx_zcu102_base_202220_1/xilinx_zcu102_base_202220_1.xpfm;xilinx_zcu102_base_dfx_202220_1|C:/Xilinx/Vitis/2022.2/base_platforms/xilinx_zcu102_base_dfx_202220_1/xilinx_zcu102_base_dfx_202220_1.xpfm;xilinx_zcu104_base_202220_1|C:/Xilinx/Vitis/2022.2/base_platforms/xilinx_zcu104_base_202220_1/xilinx_zcu104_base_202220_1.xpfm
14:42:07 INFO  : Checking for BSP changes to sync application flags for project 'ECE_385_lab6_2_vitis'...
14:42:09 INFO  : The hardware specification used by project 'ECE_385_lab6_2_vitis' is out of sync with the platform. Resource files extracted from the hardware specification will be updated.
14:42:09 INFO  : The file 'C:\Users\bmg32\ECE_385_lab6_2\ECE_385_lab6_2.sdk\ECE_385_lab6_2_vitis\_ide\bitstream\mb_usb_hdmi_top.bit' stored in project is removed.
14:42:09 INFO  : The file 'C:\Users\bmg32\ECE_385_lab6_2\ECE_385_lab6_2.sdk\ECE_385_lab6_2_vitis\_ide\bitstream\mb_usb_hdmi_top.mmi' stored in project is removed.
14:42:09 INFO  : The updated bitstream files are copied from platform to folder 'C:\Users\bmg32\ECE_385_lab6_2\ECE_385_lab6_2.sdk\ECE_385_lab6_2_vitis\_ide\bitstream' in project 'ECE_385_lab6_2_vitis'.
14:42:49 INFO  : Connected to target on host '127.0.0.1' and port '3121'.
14:42:49 INFO  : Jtag cable 'RealDigital Boo 887100000002A' is selected.
14:42:49 INFO  : 'jtag frequency' command is executed.
14:42:49 INFO  : 'targets -set -filter {jtag_cable_name =~ "RealDigital Boo 887100000002A" && level==0 && jtag_device_ctx=="jsn1-0362f093-0"}' command is executed.
14:42:51 INFO  : Device configured successfully with "C:/Users/bmg32/ECE_385_lab6_2/ECE_385_lab6_2.sdk/ECE_385_lab6_2_vitis/_ide/bitstream/mb_usb_hdmi_top.bit"
14:42:51 INFO  : Context for processor 'microblaze_0' is selected.
14:42:51 INFO  : Hardware design and registers information is loaded from 'C:/Users/bmg32/ECE_385_lab6_2/ECE_385_lab6_2.sdk/mb_usb_hdmi_top/export/mb_usb_hdmi_top/hw/mb_usb_hdmi_top.xsa'.
14:42:51 INFO  : 'configparams mdm-detect-bscan-mask 2' command is executed.
14:42:51 INFO  : Context for processor 'microblaze_0' is selected.
14:42:51 INFO  : System reset is completed.
14:42:54 INFO  : 'after 3000' command is executed.
14:42:54 INFO  : Context for processor 'microblaze_0' is selected.
14:42:54 INFO  : The application 'C:/Users/bmg32/ECE_385_lab6_2/ECE_385_lab6_2.sdk/ECE_385_lab6_2_vitis/Debug/ECE_385_lab6_2_vitis.elf' is downloaded to processor 'microblaze_0'.
14:42:54 INFO  : ----------------XSDB Script----------------
connect -url tcp:127.0.0.1:3121
targets -set -filter {jtag_cable_name =~ "RealDigital Boo 887100000002A" && level==0 && jtag_device_ctx=="jsn1-0362f093-0"}
fpga -file C:/Users/bmg32/ECE_385_lab6_2/ECE_385_lab6_2.sdk/ECE_385_lab6_2_vitis/_ide/bitstream/mb_usb_hdmi_top.bit
targets -set -nocase -filter {name =~ "*microblaze*#0" && bscan=="USER2" }
loadhw -hw C:/Users/bmg32/ECE_385_lab6_2/ECE_385_lab6_2.sdk/mb_usb_hdmi_top/export/mb_usb_hdmi_top/hw/mb_usb_hdmi_top.xsa -regs
configparams mdm-detect-bscan-mask 2
targets -set -nocase -filter {name =~ "*microblaze*#0" && bscan=="USER2" }
rst -system
after 3000
targets -set -nocase -filter {name =~ "*microblaze*#0" && bscan=="USER2" }
dow C:/Users/bmg32/ECE_385_lab6_2/ECE_385_lab6_2.sdk/ECE_385_lab6_2_vitis/Debug/ECE_385_lab6_2_vitis.elf
----------------End of Script----------------

14:42:54 INFO  : Context for processor 'microblaze_0' is selected.
14:42:54 INFO  : 'con' command is executed.
14:42:54 INFO  : ----------------XSDB Script (After Launch)----------------
targets -set -nocase -filter {name =~ "*microblaze*#0" && bscan=="USER2" }
con
----------------End of Script----------------

14:42:54 INFO  : Disconnected from the channel tcfchan#12.
14:46:51 INFO  : Hardware specification for platform project 'mb_usb_hdmi_top' is updated.
14:47:03 INFO  : Result from executing command 'removePlatformRepo': 
14:47:11 INFO  : Result from executing command 'getProjects': mb_usb_hdmi_top
14:47:11 INFO  : Result from executing command 'getPlatforms': xilinx_vck190_base_202220_1|C:/Xilinx/Vitis/2022.2/base_platforms/xilinx_vck190_base_202220_1/xilinx_vck190_base_202220_1.xpfm;xilinx_vck190_base_dfx_202220_1|C:/Xilinx/Vitis/2022.2/base_platforms/xilinx_vck190_base_dfx_202220_1/xilinx_vck190_base_dfx_202220_1.xpfm;xilinx_vmk180_base_202220_1|C:/Xilinx/Vitis/2022.2/base_platforms/xilinx_vmk180_base_202220_1/xilinx_vmk180_base_202220_1.xpfm;xilinx_zcu102_base_202220_1|C:/Xilinx/Vitis/2022.2/base_platforms/xilinx_zcu102_base_202220_1/xilinx_zcu102_base_202220_1.xpfm;xilinx_zcu102_base_dfx_202220_1|C:/Xilinx/Vitis/2022.2/base_platforms/xilinx_zcu102_base_dfx_202220_1/xilinx_zcu102_base_dfx_202220_1.xpfm;xilinx_zcu104_base_202220_1|C:/Xilinx/Vitis/2022.2/base_platforms/xilinx_zcu104_base_202220_1/xilinx_zcu104_base_202220_1.xpfm
14:47:12 INFO  : Checking for BSP changes to sync application flags for project 'ECE_385_lab6_2_vitis'...
14:47:14 INFO  : The hardware specification used by project 'ECE_385_lab6_2_vitis' is out of sync with the platform. Resource files extracted from the hardware specification will be updated.
14:47:14 INFO  : The file 'C:\Users\bmg32\ECE_385_lab6_2\ECE_385_lab6_2.sdk\ECE_385_lab6_2_vitis\_ide\bitstream\mb_usb_hdmi_top.bit' stored in project is removed.
14:47:14 INFO  : The file 'C:\Users\bmg32\ECE_385_lab6_2\ECE_385_lab6_2.sdk\ECE_385_lab6_2_vitis\_ide\bitstream\mb_usb_hdmi_top.mmi' stored in project is removed.
14:47:14 INFO  : The updated bitstream files are copied from platform to folder 'C:\Users\bmg32\ECE_385_lab6_2\ECE_385_lab6_2.sdk\ECE_385_lab6_2_vitis\_ide\bitstream' in project 'ECE_385_lab6_2_vitis'.
14:47:24 INFO  : Connected to target on host '127.0.0.1' and port '3121'.
14:47:25 INFO  : Jtag cable 'RealDigital Boo 887100000002A' is selected.
14:47:25 INFO  : 'jtag frequency' command is executed.
14:47:25 INFO  : 'targets -set -filter {jtag_cable_name =~ "RealDigital Boo 887100000002A" && level==0 && jtag_device_ctx=="jsn1-0362f093-0"}' command is executed.
14:47:26 INFO  : Device configured successfully with "C:/Users/bmg32/ECE_385_lab6_2/ECE_385_lab6_2.sdk/ECE_385_lab6_2_vitis/_ide/bitstream/mb_usb_hdmi_top.bit"
14:47:26 INFO  : Context for processor 'microblaze_0' is selected.
14:47:26 INFO  : Hardware design and registers information is loaded from 'C:/Users/bmg32/ECE_385_lab6_2/ECE_385_lab6_2.sdk/mb_usb_hdmi_top/export/mb_usb_hdmi_top/hw/mb_usb_hdmi_top.xsa'.
14:47:26 INFO  : 'configparams mdm-detect-bscan-mask 2' command is executed.
14:47:26 INFO  : Context for processor 'microblaze_0' is selected.
14:47:26 INFO  : System reset is completed.
14:47:29 INFO  : 'after 3000' command is executed.
14:47:29 INFO  : Context for processor 'microblaze_0' is selected.
14:47:29 INFO  : The application 'C:/Users/bmg32/ECE_385_lab6_2/ECE_385_lab6_2.sdk/ECE_385_lab6_2_vitis/Debug/ECE_385_lab6_2_vitis.elf' is downloaded to processor 'microblaze_0'.
14:47:29 INFO  : ----------------XSDB Script----------------
connect -url tcp:127.0.0.1:3121
targets -set -filter {jtag_cable_name =~ "RealDigital Boo 887100000002A" && level==0 && jtag_device_ctx=="jsn1-0362f093-0"}
fpga -file C:/Users/bmg32/ECE_385_lab6_2/ECE_385_lab6_2.sdk/ECE_385_lab6_2_vitis/_ide/bitstream/mb_usb_hdmi_top.bit
targets -set -nocase -filter {name =~ "*microblaze*#0" && bscan=="USER2" }
loadhw -hw C:/Users/bmg32/ECE_385_lab6_2/ECE_385_lab6_2.sdk/mb_usb_hdmi_top/export/mb_usb_hdmi_top/hw/mb_usb_hdmi_top.xsa -regs
configparams mdm-detect-bscan-mask 2
targets -set -nocase -filter {name =~ "*microblaze*#0" && bscan=="USER2" }
rst -system
after 3000
targets -set -nocase -filter {name =~ "*microblaze*#0" && bscan=="USER2" }
dow C:/Users/bmg32/ECE_385_lab6_2/ECE_385_lab6_2.sdk/ECE_385_lab6_2_vitis/Debug/ECE_385_lab6_2_vitis.elf
----------------End of Script----------------

14:47:29 INFO  : Context for processor 'microblaze_0' is selected.
14:47:29 INFO  : 'con' command is executed.
14:47:29 INFO  : ----------------XSDB Script (After Launch)----------------
targets -set -nocase -filter {name =~ "*microblaze*#0" && bscan=="USER2" }
con
----------------End of Script----------------

14:47:29 INFO  : Disconnected from the channel tcfchan#15.
14:51:19 INFO  : Hardware specification for platform project 'mb_usb_hdmi_top' is updated.
14:51:33 INFO  : Result from executing command 'removePlatformRepo': 
14:51:42 INFO  : Result from executing command 'getProjects': mb_usb_hdmi_top
14:51:42 INFO  : Result from executing command 'getPlatforms': xilinx_vck190_base_202220_1|C:/Xilinx/Vitis/2022.2/base_platforms/xilinx_vck190_base_202220_1/xilinx_vck190_base_202220_1.xpfm;xilinx_vck190_base_dfx_202220_1|C:/Xilinx/Vitis/2022.2/base_platforms/xilinx_vck190_base_dfx_202220_1/xilinx_vck190_base_dfx_202220_1.xpfm;xilinx_vmk180_base_202220_1|C:/Xilinx/Vitis/2022.2/base_platforms/xilinx_vmk180_base_202220_1/xilinx_vmk180_base_202220_1.xpfm;xilinx_zcu102_base_202220_1|C:/Xilinx/Vitis/2022.2/base_platforms/xilinx_zcu102_base_202220_1/xilinx_zcu102_base_202220_1.xpfm;xilinx_zcu102_base_dfx_202220_1|C:/Xilinx/Vitis/2022.2/base_platforms/xilinx_zcu102_base_dfx_202220_1/xilinx_zcu102_base_dfx_202220_1.xpfm;xilinx_zcu104_base_202220_1|C:/Xilinx/Vitis/2022.2/base_platforms/xilinx_zcu104_base_202220_1/xilinx_zcu104_base_202220_1.xpfm
14:51:42 INFO  : Checking for BSP changes to sync application flags for project 'ECE_385_lab6_2_vitis'...
14:51:45 INFO  : The hardware specification used by project 'ECE_385_lab6_2_vitis' is out of sync with the platform. Resource files extracted from the hardware specification will be updated.
14:51:45 INFO  : The file 'C:\Users\bmg32\ECE_385_lab6_2\ECE_385_lab6_2.sdk\ECE_385_lab6_2_vitis\_ide\bitstream\mb_usb_hdmi_top.bit' stored in project is removed.
14:51:45 INFO  : The file 'C:\Users\bmg32\ECE_385_lab6_2\ECE_385_lab6_2.sdk\ECE_385_lab6_2_vitis\_ide\bitstream\mb_usb_hdmi_top.mmi' stored in project is removed.
14:51:45 INFO  : The updated bitstream files are copied from platform to folder 'C:\Users\bmg32\ECE_385_lab6_2\ECE_385_lab6_2.sdk\ECE_385_lab6_2_vitis\_ide\bitstream' in project 'ECE_385_lab6_2_vitis'.
14:51:50 INFO  : Connected to target on host '127.0.0.1' and port '3121'.
14:51:51 INFO  : Jtag cable 'RealDigital Boo 887100000002A' is selected.
14:51:51 INFO  : 'jtag frequency' command is executed.
14:51:51 INFO  : 'targets -set -filter {jtag_cable_name =~ "RealDigital Boo 887100000002A" && level==0 && jtag_device_ctx=="jsn1-0362f093-0"}' command is executed.
14:51:52 INFO  : Device configured successfully with "C:/Users/bmg32/ECE_385_lab6_2/ECE_385_lab6_2.sdk/ECE_385_lab6_2_vitis/_ide/bitstream/mb_usb_hdmi_top.bit"
14:51:52 INFO  : Context for processor 'microblaze_0' is selected.
14:51:52 INFO  : Hardware design and registers information is loaded from 'C:/Users/bmg32/ECE_385_lab6_2/ECE_385_lab6_2.sdk/mb_usb_hdmi_top/export/mb_usb_hdmi_top/hw/mb_usb_hdmi_top.xsa'.
14:51:52 INFO  : 'configparams mdm-detect-bscan-mask 2' command is executed.
14:51:52 INFO  : Context for processor 'microblaze_0' is selected.
14:51:52 INFO  : System reset is completed.
14:51:55 INFO  : 'after 3000' command is executed.
14:51:55 INFO  : Context for processor 'microblaze_0' is selected.
14:51:55 INFO  : The application 'C:/Users/bmg32/ECE_385_lab6_2/ECE_385_lab6_2.sdk/ECE_385_lab6_2_vitis/Debug/ECE_385_lab6_2_vitis.elf' is downloaded to processor 'microblaze_0'.
14:51:55 INFO  : ----------------XSDB Script----------------
connect -url tcp:127.0.0.1:3121
targets -set -filter {jtag_cable_name =~ "RealDigital Boo 887100000002A" && level==0 && jtag_device_ctx=="jsn1-0362f093-0"}
fpga -file C:/Users/bmg32/ECE_385_lab6_2/ECE_385_lab6_2.sdk/ECE_385_lab6_2_vitis/_ide/bitstream/mb_usb_hdmi_top.bit
targets -set -nocase -filter {name =~ "*microblaze*#0" && bscan=="USER2" }
loadhw -hw C:/Users/bmg32/ECE_385_lab6_2/ECE_385_lab6_2.sdk/mb_usb_hdmi_top/export/mb_usb_hdmi_top/hw/mb_usb_hdmi_top.xsa -regs
configparams mdm-detect-bscan-mask 2
targets -set -nocase -filter {name =~ "*microblaze*#0" && bscan=="USER2" }
rst -system
after 3000
targets -set -nocase -filter {name =~ "*microblaze*#0" && bscan=="USER2" }
dow C:/Users/bmg32/ECE_385_lab6_2/ECE_385_lab6_2.sdk/ECE_385_lab6_2_vitis/Debug/ECE_385_lab6_2_vitis.elf
----------------End of Script----------------

14:51:56 INFO  : Context for processor 'microblaze_0' is selected.
14:51:56 INFO  : 'con' command is executed.
14:51:56 INFO  : ----------------XSDB Script (After Launch)----------------
targets -set -nocase -filter {name =~ "*microblaze*#0" && bscan=="USER2" }
con
----------------End of Script----------------

14:51:56 INFO  : Disconnected from the channel tcfchan#18.
14:56:26 INFO  : Hardware specification for platform project 'mb_usb_hdmi_top' is updated.
14:56:37 INFO  : Result from executing command 'removePlatformRepo': 
14:56:44 INFO  : Result from executing command 'getProjects': mb_usb_hdmi_top
14:56:44 INFO  : Result from executing command 'getPlatforms': xilinx_vck190_base_202220_1|C:/Xilinx/Vitis/2022.2/base_platforms/xilinx_vck190_base_202220_1/xilinx_vck190_base_202220_1.xpfm;xilinx_vck190_base_dfx_202220_1|C:/Xilinx/Vitis/2022.2/base_platforms/xilinx_vck190_base_dfx_202220_1/xilinx_vck190_base_dfx_202220_1.xpfm;xilinx_vmk180_base_202220_1|C:/Xilinx/Vitis/2022.2/base_platforms/xilinx_vmk180_base_202220_1/xilinx_vmk180_base_202220_1.xpfm;xilinx_zcu102_base_202220_1|C:/Xilinx/Vitis/2022.2/base_platforms/xilinx_zcu102_base_202220_1/xilinx_zcu102_base_202220_1.xpfm;xilinx_zcu102_base_dfx_202220_1|C:/Xilinx/Vitis/2022.2/base_platforms/xilinx_zcu102_base_dfx_202220_1/xilinx_zcu102_base_dfx_202220_1.xpfm;xilinx_zcu104_base_202220_1|C:/Xilinx/Vitis/2022.2/base_platforms/xilinx_zcu104_base_202220_1/xilinx_zcu104_base_202220_1.xpfm
14:56:45 INFO  : Checking for BSP changes to sync application flags for project 'ECE_385_lab6_2_vitis'...
14:56:48 INFO  : The hardware specification used by project 'ECE_385_lab6_2_vitis' is out of sync with the platform. Resource files extracted from the hardware specification will be updated.
14:56:48 INFO  : The file 'C:\Users\bmg32\ECE_385_lab6_2\ECE_385_lab6_2.sdk\ECE_385_lab6_2_vitis\_ide\bitstream\mb_usb_hdmi_top.bit' stored in project is removed.
14:56:48 INFO  : The file 'C:\Users\bmg32\ECE_385_lab6_2\ECE_385_lab6_2.sdk\ECE_385_lab6_2_vitis\_ide\bitstream\mb_usb_hdmi_top.mmi' stored in project is removed.
14:56:48 INFO  : The updated bitstream files are copied from platform to folder 'C:\Users\bmg32\ECE_385_lab6_2\ECE_385_lab6_2.sdk\ECE_385_lab6_2_vitis\_ide\bitstream' in project 'ECE_385_lab6_2_vitis'.
14:57:04 INFO  : Connected to target on host '127.0.0.1' and port '3121'.
14:57:04 INFO  : Jtag cable 'RealDigital Boo 887100000002A' is selected.
14:57:04 INFO  : 'jtag frequency' command is executed.
14:57:04 INFO  : 'targets -set -filter {jtag_cable_name =~ "RealDigital Boo 887100000002A" && level==0 && jtag_device_ctx=="jsn1-0362f093-0"}' command is executed.
14:57:05 INFO  : Device configured successfully with "C:/Users/bmg32/ECE_385_lab6_2/ECE_385_lab6_2.sdk/ECE_385_lab6_2_vitis/_ide/bitstream/mb_usb_hdmi_top.bit"
14:57:06 INFO  : Context for processor 'microblaze_0' is selected.
14:57:06 INFO  : Hardware design and registers information is loaded from 'C:/Users/bmg32/ECE_385_lab6_2/ECE_385_lab6_2.sdk/mb_usb_hdmi_top/export/mb_usb_hdmi_top/hw/mb_usb_hdmi_top.xsa'.
14:57:06 INFO  : 'configparams mdm-detect-bscan-mask 2' command is executed.
14:57:06 INFO  : Context for processor 'microblaze_0' is selected.
14:57:06 INFO  : System reset is completed.
14:57:09 INFO  : 'after 3000' command is executed.
14:57:09 INFO  : Context for processor 'microblaze_0' is selected.
14:57:09 INFO  : The application 'C:/Users/bmg32/ECE_385_lab6_2/ECE_385_lab6_2.sdk/ECE_385_lab6_2_vitis/Debug/ECE_385_lab6_2_vitis.elf' is downloaded to processor 'microblaze_0'.
14:57:09 INFO  : ----------------XSDB Script----------------
connect -url tcp:127.0.0.1:3121
targets -set -filter {jtag_cable_name =~ "RealDigital Boo 887100000002A" && level==0 && jtag_device_ctx=="jsn1-0362f093-0"}
fpga -file C:/Users/bmg32/ECE_385_lab6_2/ECE_385_lab6_2.sdk/ECE_385_lab6_2_vitis/_ide/bitstream/mb_usb_hdmi_top.bit
targets -set -nocase -filter {name =~ "*microblaze*#0" && bscan=="USER2" }
loadhw -hw C:/Users/bmg32/ECE_385_lab6_2/ECE_385_lab6_2.sdk/mb_usb_hdmi_top/export/mb_usb_hdmi_top/hw/mb_usb_hdmi_top.xsa -regs
configparams mdm-detect-bscan-mask 2
targets -set -nocase -filter {name =~ "*microblaze*#0" && bscan=="USER2" }
rst -system
after 3000
targets -set -nocase -filter {name =~ "*microblaze*#0" && bscan=="USER2" }
dow C:/Users/bmg32/ECE_385_lab6_2/ECE_385_lab6_2.sdk/ECE_385_lab6_2_vitis/Debug/ECE_385_lab6_2_vitis.elf
----------------End of Script----------------

14:57:09 INFO  : Context for processor 'microblaze_0' is selected.
14:57:09 INFO  : 'con' command is executed.
14:57:09 INFO  : ----------------XSDB Script (After Launch)----------------
targets -set -nocase -filter {name =~ "*microblaze*#0" && bscan=="USER2" }
con
----------------End of Script----------------

14:57:09 INFO  : Disconnected from the channel tcfchan#21.
15:03:49 INFO  : Hardware specification for platform project 'mb_usb_hdmi_top' is updated.
15:04:00 INFO  : Result from executing command 'removePlatformRepo': 
15:04:08 INFO  : Result from executing command 'getProjects': mb_usb_hdmi_top
15:04:08 INFO  : Result from executing command 'getPlatforms': xilinx_vck190_base_202220_1|C:/Xilinx/Vitis/2022.2/base_platforms/xilinx_vck190_base_202220_1/xilinx_vck190_base_202220_1.xpfm;xilinx_vck190_base_dfx_202220_1|C:/Xilinx/Vitis/2022.2/base_platforms/xilinx_vck190_base_dfx_202220_1/xilinx_vck190_base_dfx_202220_1.xpfm;xilinx_vmk180_base_202220_1|C:/Xilinx/Vitis/2022.2/base_platforms/xilinx_vmk180_base_202220_1/xilinx_vmk180_base_202220_1.xpfm;xilinx_zcu102_base_202220_1|C:/Xilinx/Vitis/2022.2/base_platforms/xilinx_zcu102_base_202220_1/xilinx_zcu102_base_202220_1.xpfm;xilinx_zcu102_base_dfx_202220_1|C:/Xilinx/Vitis/2022.2/base_platforms/xilinx_zcu102_base_dfx_202220_1/xilinx_zcu102_base_dfx_202220_1.xpfm;xilinx_zcu104_base_202220_1|C:/Xilinx/Vitis/2022.2/base_platforms/xilinx_zcu104_base_202220_1/xilinx_zcu104_base_202220_1.xpfm
15:04:08 INFO  : Checking for BSP changes to sync application flags for project 'ECE_385_lab6_2_vitis'...
15:04:11 INFO  : The hardware specification used by project 'ECE_385_lab6_2_vitis' is out of sync with the platform. Resource files extracted from the hardware specification will be updated.
15:04:11 INFO  : The file 'C:\Users\bmg32\ECE_385_lab6_2\ECE_385_lab6_2.sdk\ECE_385_lab6_2_vitis\_ide\bitstream\mb_usb_hdmi_top.bit' stored in project is removed.
15:04:11 INFO  : The file 'C:\Users\bmg32\ECE_385_lab6_2\ECE_385_lab6_2.sdk\ECE_385_lab6_2_vitis\_ide\bitstream\mb_usb_hdmi_top.mmi' stored in project is removed.
15:04:11 INFO  : The updated bitstream files are copied from platform to folder 'C:\Users\bmg32\ECE_385_lab6_2\ECE_385_lab6_2.sdk\ECE_385_lab6_2_vitis\_ide\bitstream' in project 'ECE_385_lab6_2_vitis'.
15:04:14 INFO  : Connected to target on host '127.0.0.1' and port '3121'.
15:04:14 INFO  : Jtag cable 'RealDigital Boo 887100000002A' is selected.
15:04:14 INFO  : 'jtag frequency' command is executed.
15:04:14 INFO  : 'targets -set -filter {jtag_cable_name =~ "RealDigital Boo 887100000002A" && level==0 && jtag_device_ctx=="jsn1-0362f093-0"}' command is executed.
15:04:16 INFO  : Device configured successfully with "C:/Users/bmg32/ECE_385_lab6_2/ECE_385_lab6_2.sdk/ECE_385_lab6_2_vitis/_ide/bitstream/mb_usb_hdmi_top.bit"
15:04:16 INFO  : Context for processor 'microblaze_0' is selected.
15:04:16 INFO  : Hardware design and registers information is loaded from 'C:/Users/bmg32/ECE_385_lab6_2/ECE_385_lab6_2.sdk/mb_usb_hdmi_top/export/mb_usb_hdmi_top/hw/mb_usb_hdmi_top.xsa'.
15:04:16 INFO  : 'configparams mdm-detect-bscan-mask 2' command is executed.
15:04:16 INFO  : Context for processor 'microblaze_0' is selected.
15:04:16 INFO  : System reset is completed.
15:04:19 INFO  : 'after 3000' command is executed.
15:04:19 INFO  : Context for processor 'microblaze_0' is selected.
15:04:19 INFO  : The application 'C:/Users/bmg32/ECE_385_lab6_2/ECE_385_lab6_2.sdk/ECE_385_lab6_2_vitis/Debug/ECE_385_lab6_2_vitis.elf' is downloaded to processor 'microblaze_0'.
15:04:19 INFO  : ----------------XSDB Script----------------
connect -url tcp:127.0.0.1:3121
targets -set -filter {jtag_cable_name =~ "RealDigital Boo 887100000002A" && level==0 && jtag_device_ctx=="jsn1-0362f093-0"}
fpga -file C:/Users/bmg32/ECE_385_lab6_2/ECE_385_lab6_2.sdk/ECE_385_lab6_2_vitis/_ide/bitstream/mb_usb_hdmi_top.bit
targets -set -nocase -filter {name =~ "*microblaze*#0" && bscan=="USER2" }
loadhw -hw C:/Users/bmg32/ECE_385_lab6_2/ECE_385_lab6_2.sdk/mb_usb_hdmi_top/export/mb_usb_hdmi_top/hw/mb_usb_hdmi_top.xsa -regs
configparams mdm-detect-bscan-mask 2
targets -set -nocase -filter {name =~ "*microblaze*#0" && bscan=="USER2" }
rst -system
after 3000
targets -set -nocase -filter {name =~ "*microblaze*#0" && bscan=="USER2" }
dow C:/Users/bmg32/ECE_385_lab6_2/ECE_385_lab6_2.sdk/ECE_385_lab6_2_vitis/Debug/ECE_385_lab6_2_vitis.elf
----------------End of Script----------------

15:04:19 INFO  : Context for processor 'microblaze_0' is selected.
15:04:19 INFO  : 'con' command is executed.
15:04:19 INFO  : ----------------XSDB Script (After Launch)----------------
targets -set -nocase -filter {name =~ "*microblaze*#0" && bscan=="USER2" }
con
----------------End of Script----------------

15:04:19 INFO  : Disconnected from the channel tcfchan#24.
15:16:42 INFO  : Hardware specification for platform project 'mb_usb_hdmi_top' is updated.
15:16:51 INFO  : Result from executing command 'removePlatformRepo': 
15:16:59 INFO  : Result from executing command 'getProjects': mb_usb_hdmi_top
15:16:59 INFO  : Result from executing command 'getPlatforms': xilinx_vck190_base_202220_1|C:/Xilinx/Vitis/2022.2/base_platforms/xilinx_vck190_base_202220_1/xilinx_vck190_base_202220_1.xpfm;xilinx_vck190_base_dfx_202220_1|C:/Xilinx/Vitis/2022.2/base_platforms/xilinx_vck190_base_dfx_202220_1/xilinx_vck190_base_dfx_202220_1.xpfm;xilinx_vmk180_base_202220_1|C:/Xilinx/Vitis/2022.2/base_platforms/xilinx_vmk180_base_202220_1/xilinx_vmk180_base_202220_1.xpfm;xilinx_zcu102_base_202220_1|C:/Xilinx/Vitis/2022.2/base_platforms/xilinx_zcu102_base_202220_1/xilinx_zcu102_base_202220_1.xpfm;xilinx_zcu102_base_dfx_202220_1|C:/Xilinx/Vitis/2022.2/base_platforms/xilinx_zcu102_base_dfx_202220_1/xilinx_zcu102_base_dfx_202220_1.xpfm;xilinx_zcu104_base_202220_1|C:/Xilinx/Vitis/2022.2/base_platforms/xilinx_zcu104_base_202220_1/xilinx_zcu104_base_202220_1.xpfm
15:17:00 INFO  : Checking for BSP changes to sync application flags for project 'ECE_385_lab6_2_vitis'...
15:17:03 INFO  : The hardware specification used by project 'ECE_385_lab6_2_vitis' is out of sync with the platform. Resource files extracted from the hardware specification will be updated.
15:17:03 INFO  : The file 'C:\Users\bmg32\ECE_385_lab6_2\ECE_385_lab6_2.sdk\ECE_385_lab6_2_vitis\_ide\bitstream\mb_usb_hdmi_top.bit' stored in project is removed.
15:17:03 INFO  : The file 'C:\Users\bmg32\ECE_385_lab6_2\ECE_385_lab6_2.sdk\ECE_385_lab6_2_vitis\_ide\bitstream\mb_usb_hdmi_top.mmi' stored in project is removed.
15:17:03 INFO  : The updated bitstream files are copied from platform to folder 'C:\Users\bmg32\ECE_385_lab6_2\ECE_385_lab6_2.sdk\ECE_385_lab6_2_vitis\_ide\bitstream' in project 'ECE_385_lab6_2_vitis'.
15:17:08 INFO  : Connected to target on host '127.0.0.1' and port '3121'.
15:17:08 INFO  : Jtag cable 'RealDigital Boo 887100000002A' is selected.
15:17:08 INFO  : 'jtag frequency' command is executed.
15:17:08 INFO  : 'targets -set -filter {jtag_cable_name =~ "RealDigital Boo 887100000002A" && level==0 && jtag_device_ctx=="jsn1-0362f093-0"}' command is executed.
15:17:09 INFO  : Device configured successfully with "C:/Users/bmg32/ECE_385_lab6_2/ECE_385_lab6_2.sdk/ECE_385_lab6_2_vitis/_ide/bitstream/mb_usb_hdmi_top.bit"
15:17:09 INFO  : Context for processor 'microblaze_0' is selected.
15:17:09 INFO  : Hardware design and registers information is loaded from 'C:/Users/bmg32/ECE_385_lab6_2/ECE_385_lab6_2.sdk/mb_usb_hdmi_top/export/mb_usb_hdmi_top/hw/mb_usb_hdmi_top.xsa'.
15:17:09 INFO  : 'configparams mdm-detect-bscan-mask 2' command is executed.
15:17:09 INFO  : Context for processor 'microblaze_0' is selected.
15:17:09 INFO  : System reset is completed.
15:17:12 INFO  : 'after 3000' command is executed.
15:17:12 INFO  : Context for processor 'microblaze_0' is selected.
15:17:13 INFO  : The application 'C:/Users/bmg32/ECE_385_lab6_2/ECE_385_lab6_2.sdk/ECE_385_lab6_2_vitis/Debug/ECE_385_lab6_2_vitis.elf' is downloaded to processor 'microblaze_0'.
15:17:13 INFO  : ----------------XSDB Script----------------
connect -url tcp:127.0.0.1:3121
targets -set -filter {jtag_cable_name =~ "RealDigital Boo 887100000002A" && level==0 && jtag_device_ctx=="jsn1-0362f093-0"}
fpga -file C:/Users/bmg32/ECE_385_lab6_2/ECE_385_lab6_2.sdk/ECE_385_lab6_2_vitis/_ide/bitstream/mb_usb_hdmi_top.bit
targets -set -nocase -filter {name =~ "*microblaze*#0" && bscan=="USER2" }
loadhw -hw C:/Users/bmg32/ECE_385_lab6_2/ECE_385_lab6_2.sdk/mb_usb_hdmi_top/export/mb_usb_hdmi_top/hw/mb_usb_hdmi_top.xsa -regs
configparams mdm-detect-bscan-mask 2
targets -set -nocase -filter {name =~ "*microblaze*#0" && bscan=="USER2" }
rst -system
after 3000
targets -set -nocase -filter {name =~ "*microblaze*#0" && bscan=="USER2" }
dow C:/Users/bmg32/ECE_385_lab6_2/ECE_385_lab6_2.sdk/ECE_385_lab6_2_vitis/Debug/ECE_385_lab6_2_vitis.elf
----------------End of Script----------------

15:17:13 INFO  : Context for processor 'microblaze_0' is selected.
15:17:13 INFO  : 'con' command is executed.
15:17:13 INFO  : ----------------XSDB Script (After Launch)----------------
targets -set -nocase -filter {name =~ "*microblaze*#0" && bscan=="USER2" }
con
----------------End of Script----------------

15:17:13 INFO  : Disconnected from the channel tcfchan#27.
15:21:56 INFO  : Hardware specification for platform project 'mb_usb_hdmi_top' is updated.
15:22:11 INFO  : Result from executing command 'removePlatformRepo': 
15:22:19 INFO  : Result from executing command 'getProjects': mb_usb_hdmi_top
15:22:19 INFO  : Result from executing command 'getPlatforms': xilinx_vck190_base_202220_1|C:/Xilinx/Vitis/2022.2/base_platforms/xilinx_vck190_base_202220_1/xilinx_vck190_base_202220_1.xpfm;xilinx_vck190_base_dfx_202220_1|C:/Xilinx/Vitis/2022.2/base_platforms/xilinx_vck190_base_dfx_202220_1/xilinx_vck190_base_dfx_202220_1.xpfm;xilinx_vmk180_base_202220_1|C:/Xilinx/Vitis/2022.2/base_platforms/xilinx_vmk180_base_202220_1/xilinx_vmk180_base_202220_1.xpfm;xilinx_zcu102_base_202220_1|C:/Xilinx/Vitis/2022.2/base_platforms/xilinx_zcu102_base_202220_1/xilinx_zcu102_base_202220_1.xpfm;xilinx_zcu102_base_dfx_202220_1|C:/Xilinx/Vitis/2022.2/base_platforms/xilinx_zcu102_base_dfx_202220_1/xilinx_zcu102_base_dfx_202220_1.xpfm;xilinx_zcu104_base_202220_1|C:/Xilinx/Vitis/2022.2/base_platforms/xilinx_zcu104_base_202220_1/xilinx_zcu104_base_202220_1.xpfm
15:22:20 INFO  : Checking for BSP changes to sync application flags for project 'ECE_385_lab6_2_vitis'...
15:22:23 INFO  : The hardware specification used by project 'ECE_385_lab6_2_vitis' is out of sync with the platform. Resource files extracted from the hardware specification will be updated.
15:22:23 INFO  : The file 'C:\Users\bmg32\ECE_385_lab6_2\ECE_385_lab6_2.sdk\ECE_385_lab6_2_vitis\_ide\bitstream\mb_usb_hdmi_top.bit' stored in project is removed.
15:22:23 INFO  : The file 'C:\Users\bmg32\ECE_385_lab6_2\ECE_385_lab6_2.sdk\ECE_385_lab6_2_vitis\_ide\bitstream\mb_usb_hdmi_top.mmi' stored in project is removed.
15:22:23 INFO  : The updated bitstream files are copied from platform to folder 'C:\Users\bmg32\ECE_385_lab6_2\ECE_385_lab6_2.sdk\ECE_385_lab6_2_vitis\_ide\bitstream' in project 'ECE_385_lab6_2_vitis'.
15:23:02 INFO  : Connected to target on host '127.0.0.1' and port '3121'.
15:23:03 INFO  : Jtag cable 'RealDigital Boo 887100000002A' is selected.
15:23:03 INFO  : 'jtag frequency' command is executed.
15:23:03 INFO  : 'targets -set -filter {jtag_cable_name =~ "RealDigital Boo 887100000002A" && level==0 && jtag_device_ctx=="jsn1-0362f093-0"}' command is executed.
15:23:04 INFO  : Device configured successfully with "C:/Users/bmg32/ECE_385_lab6_2/ECE_385_lab6_2.sdk/ECE_385_lab6_2_vitis/_ide/bitstream/mb_usb_hdmi_top.bit"
15:23:04 INFO  : Context for processor 'microblaze_0' is selected.
15:23:04 INFO  : Hardware design and registers information is loaded from 'C:/Users/bmg32/ECE_385_lab6_2/ECE_385_lab6_2.sdk/mb_usb_hdmi_top/export/mb_usb_hdmi_top/hw/mb_usb_hdmi_top.xsa'.
15:23:04 INFO  : 'configparams mdm-detect-bscan-mask 2' command is executed.
15:23:04 INFO  : Context for processor 'microblaze_0' is selected.
15:23:04 INFO  : System reset is completed.
15:23:07 INFO  : 'after 3000' command is executed.
15:23:07 INFO  : Context for processor 'microblaze_0' is selected.
15:23:07 INFO  : The application 'C:/Users/bmg32/ECE_385_lab6_2/ECE_385_lab6_2.sdk/ECE_385_lab6_2_vitis/Debug/ECE_385_lab6_2_vitis.elf' is downloaded to processor 'microblaze_0'.
15:23:07 INFO  : ----------------XSDB Script----------------
connect -url tcp:127.0.0.1:3121
targets -set -filter {jtag_cable_name =~ "RealDigital Boo 887100000002A" && level==0 && jtag_device_ctx=="jsn1-0362f093-0"}
fpga -file C:/Users/bmg32/ECE_385_lab6_2/ECE_385_lab6_2.sdk/ECE_385_lab6_2_vitis/_ide/bitstream/mb_usb_hdmi_top.bit
targets -set -nocase -filter {name =~ "*microblaze*#0" && bscan=="USER2" }
loadhw -hw C:/Users/bmg32/ECE_385_lab6_2/ECE_385_lab6_2.sdk/mb_usb_hdmi_top/export/mb_usb_hdmi_top/hw/mb_usb_hdmi_top.xsa -regs
configparams mdm-detect-bscan-mask 2
targets -set -nocase -filter {name =~ "*microblaze*#0" && bscan=="USER2" }
rst -system
after 3000
targets -set -nocase -filter {name =~ "*microblaze*#0" && bscan=="USER2" }
dow C:/Users/bmg32/ECE_385_lab6_2/ECE_385_lab6_2.sdk/ECE_385_lab6_2_vitis/Debug/ECE_385_lab6_2_vitis.elf
----------------End of Script----------------

15:23:07 INFO  : Context for processor 'microblaze_0' is selected.
15:23:07 INFO  : 'con' command is executed.
15:23:07 INFO  : ----------------XSDB Script (After Launch)----------------
targets -set -nocase -filter {name =~ "*microblaze*#0" && bscan=="USER2" }
con
----------------End of Script----------------

15:23:07 INFO  : Disconnected from the channel tcfchan#30.
15:29:41 INFO  : Hardware specification for platform project 'mb_usb_hdmi_top' is updated.
15:29:55 INFO  : Result from executing command 'removePlatformRepo': 
15:30:03 INFO  : Result from executing command 'getProjects': mb_usb_hdmi_top
15:30:03 INFO  : Result from executing command 'getPlatforms': xilinx_vck190_base_202220_1|C:/Xilinx/Vitis/2022.2/base_platforms/xilinx_vck190_base_202220_1/xilinx_vck190_base_202220_1.xpfm;xilinx_vck190_base_dfx_202220_1|C:/Xilinx/Vitis/2022.2/base_platforms/xilinx_vck190_base_dfx_202220_1/xilinx_vck190_base_dfx_202220_1.xpfm;xilinx_vmk180_base_202220_1|C:/Xilinx/Vitis/2022.2/base_platforms/xilinx_vmk180_base_202220_1/xilinx_vmk180_base_202220_1.xpfm;xilinx_zcu102_base_202220_1|C:/Xilinx/Vitis/2022.2/base_platforms/xilinx_zcu102_base_202220_1/xilinx_zcu102_base_202220_1.xpfm;xilinx_zcu102_base_dfx_202220_1|C:/Xilinx/Vitis/2022.2/base_platforms/xilinx_zcu102_base_dfx_202220_1/xilinx_zcu102_base_dfx_202220_1.xpfm;xilinx_zcu104_base_202220_1|C:/Xilinx/Vitis/2022.2/base_platforms/xilinx_zcu104_base_202220_1/xilinx_zcu104_base_202220_1.xpfm
15:30:04 INFO  : Checking for BSP changes to sync application flags for project 'ECE_385_lab6_2_vitis'...
15:30:06 INFO  : The hardware specification used by project 'ECE_385_lab6_2_vitis' is out of sync with the platform. Resource files extracted from the hardware specification will be updated.
15:30:06 INFO  : The file 'C:\Users\bmg32\ECE_385_lab6_2\ECE_385_lab6_2.sdk\ECE_385_lab6_2_vitis\_ide\bitstream\mb_usb_hdmi_top.bit' stored in project is removed.
15:30:06 INFO  : The file 'C:\Users\bmg32\ECE_385_lab6_2\ECE_385_lab6_2.sdk\ECE_385_lab6_2_vitis\_ide\bitstream\mb_usb_hdmi_top.mmi' stored in project is removed.
15:30:06 INFO  : The updated bitstream files are copied from platform to folder 'C:\Users\bmg32\ECE_385_lab6_2\ECE_385_lab6_2.sdk\ECE_385_lab6_2_vitis\_ide\bitstream' in project 'ECE_385_lab6_2_vitis'.
15:30:10 INFO  : Connected to target on host '127.0.0.1' and port '3121'.
15:30:10 INFO  : Jtag cable 'RealDigital Boo 887100000002A' is selected.
15:30:10 INFO  : 'jtag frequency' command is executed.
15:30:11 INFO  : 'targets -set -filter {jtag_cable_name =~ "RealDigital Boo 887100000002A" && level==0 && jtag_device_ctx=="jsn1-0362f093-0"}' command is executed.
15:30:12 INFO  : Device configured successfully with "C:/Users/bmg32/ECE_385_lab6_2/ECE_385_lab6_2.sdk/ECE_385_lab6_2_vitis/_ide/bitstream/mb_usb_hdmi_top.bit"
15:30:12 INFO  : Context for processor 'microblaze_0' is selected.
15:30:12 INFO  : Hardware design and registers information is loaded from 'C:/Users/bmg32/ECE_385_lab6_2/ECE_385_lab6_2.sdk/mb_usb_hdmi_top/export/mb_usb_hdmi_top/hw/mb_usb_hdmi_top.xsa'.
15:30:12 INFO  : 'configparams mdm-detect-bscan-mask 2' command is executed.
15:30:12 INFO  : Context for processor 'microblaze_0' is selected.
15:30:12 INFO  : System reset is completed.
15:30:15 INFO  : 'after 3000' command is executed.
15:30:15 INFO  : Context for processor 'microblaze_0' is selected.
15:30:15 INFO  : The application 'C:/Users/bmg32/ECE_385_lab6_2/ECE_385_lab6_2.sdk/ECE_385_lab6_2_vitis/Debug/ECE_385_lab6_2_vitis.elf' is downloaded to processor 'microblaze_0'.
15:30:15 INFO  : ----------------XSDB Script----------------
connect -url tcp:127.0.0.1:3121
targets -set -filter {jtag_cable_name =~ "RealDigital Boo 887100000002A" && level==0 && jtag_device_ctx=="jsn1-0362f093-0"}
fpga -file C:/Users/bmg32/ECE_385_lab6_2/ECE_385_lab6_2.sdk/ECE_385_lab6_2_vitis/_ide/bitstream/mb_usb_hdmi_top.bit
targets -set -nocase -filter {name =~ "*microblaze*#0" && bscan=="USER2" }
loadhw -hw C:/Users/bmg32/ECE_385_lab6_2/ECE_385_lab6_2.sdk/mb_usb_hdmi_top/export/mb_usb_hdmi_top/hw/mb_usb_hdmi_top.xsa -regs
configparams mdm-detect-bscan-mask 2
targets -set -nocase -filter {name =~ "*microblaze*#0" && bscan=="USER2" }
rst -system
after 3000
targets -set -nocase -filter {name =~ "*microblaze*#0" && bscan=="USER2" }
dow C:/Users/bmg32/ECE_385_lab6_2/ECE_385_lab6_2.sdk/ECE_385_lab6_2_vitis/Debug/ECE_385_lab6_2_vitis.elf
----------------End of Script----------------

15:30:15 INFO  : Context for processor 'microblaze_0' is selected.
15:30:15 INFO  : 'con' command is executed.
15:30:15 INFO  : ----------------XSDB Script (After Launch)----------------
targets -set -nocase -filter {name =~ "*microblaze*#0" && bscan=="USER2" }
con
----------------End of Script----------------

15:30:15 INFO  : Disconnected from the channel tcfchan#33.
15:41:21 INFO  : Hardware specification for platform project 'mb_usb_hdmi_top' is updated.
15:41:31 INFO  : Result from executing command 'removePlatformRepo': 
15:41:39 INFO  : Result from executing command 'getProjects': mb_usb_hdmi_top
15:41:39 INFO  : Result from executing command 'getPlatforms': xilinx_vck190_base_202220_1|C:/Xilinx/Vitis/2022.2/base_platforms/xilinx_vck190_base_202220_1/xilinx_vck190_base_202220_1.xpfm;xilinx_vck190_base_dfx_202220_1|C:/Xilinx/Vitis/2022.2/base_platforms/xilinx_vck190_base_dfx_202220_1/xilinx_vck190_base_dfx_202220_1.xpfm;xilinx_vmk180_base_202220_1|C:/Xilinx/Vitis/2022.2/base_platforms/xilinx_vmk180_base_202220_1/xilinx_vmk180_base_202220_1.xpfm;xilinx_zcu102_base_202220_1|C:/Xilinx/Vitis/2022.2/base_platforms/xilinx_zcu102_base_202220_1/xilinx_zcu102_base_202220_1.xpfm;xilinx_zcu102_base_dfx_202220_1|C:/Xilinx/Vitis/2022.2/base_platforms/xilinx_zcu102_base_dfx_202220_1/xilinx_zcu102_base_dfx_202220_1.xpfm;xilinx_zcu104_base_202220_1|C:/Xilinx/Vitis/2022.2/base_platforms/xilinx_zcu104_base_202220_1/xilinx_zcu104_base_202220_1.xpfm
15:41:40 INFO  : Checking for BSP changes to sync application flags for project 'ECE_385_lab6_2_vitis'...
15:41:43 INFO  : The hardware specification used by project 'ECE_385_lab6_2_vitis' is out of sync with the platform. Resource files extracted from the hardware specification will be updated.
15:41:43 INFO  : The file 'C:\Users\bmg32\ECE_385_lab6_2\ECE_385_lab6_2.sdk\ECE_385_lab6_2_vitis\_ide\bitstream\mb_usb_hdmi_top.bit' stored in project is removed.
15:41:43 INFO  : The file 'C:\Users\bmg32\ECE_385_lab6_2\ECE_385_lab6_2.sdk\ECE_385_lab6_2_vitis\_ide\bitstream\mb_usb_hdmi_top.mmi' stored in project is removed.
15:41:43 INFO  : The updated bitstream files are copied from platform to folder 'C:\Users\bmg32\ECE_385_lab6_2\ECE_385_lab6_2.sdk\ECE_385_lab6_2_vitis\_ide\bitstream' in project 'ECE_385_lab6_2_vitis'.
15:41:47 INFO  : Connected to target on host '127.0.0.1' and port '3121'.
15:41:47 INFO  : Jtag cable 'RealDigital Boo 887100000002A' is selected.
15:41:47 INFO  : 'jtag frequency' command is executed.
15:41:47 INFO  : 'targets -set -filter {jtag_cable_name =~ "RealDigital Boo 887100000002A" && level==0 && jtag_device_ctx=="jsn1-0362f093-0"}' command is executed.
15:41:49 INFO  : Device configured successfully with "C:/Users/bmg32/ECE_385_lab6_2/ECE_385_lab6_2.sdk/ECE_385_lab6_2_vitis/_ide/bitstream/mb_usb_hdmi_top.bit"
15:41:49 INFO  : Context for processor 'microblaze_0' is selected.
15:41:49 INFO  : Hardware design and registers information is loaded from 'C:/Users/bmg32/ECE_385_lab6_2/ECE_385_lab6_2.sdk/mb_usb_hdmi_top/export/mb_usb_hdmi_top/hw/mb_usb_hdmi_top.xsa'.
15:41:49 INFO  : 'configparams mdm-detect-bscan-mask 2' command is executed.
15:41:49 INFO  : Context for processor 'microblaze_0' is selected.
15:41:49 INFO  : System reset is completed.
15:41:52 INFO  : 'after 3000' command is executed.
15:41:52 INFO  : Context for processor 'microblaze_0' is selected.
15:41:52 INFO  : The application 'C:/Users/bmg32/ECE_385_lab6_2/ECE_385_lab6_2.sdk/ECE_385_lab6_2_vitis/Debug/ECE_385_lab6_2_vitis.elf' is downloaded to processor 'microblaze_0'.
15:41:52 INFO  : ----------------XSDB Script----------------
connect -url tcp:127.0.0.1:3121
targets -set -filter {jtag_cable_name =~ "RealDigital Boo 887100000002A" && level==0 && jtag_device_ctx=="jsn1-0362f093-0"}
fpga -file C:/Users/bmg32/ECE_385_lab6_2/ECE_385_lab6_2.sdk/ECE_385_lab6_2_vitis/_ide/bitstream/mb_usb_hdmi_top.bit
targets -set -nocase -filter {name =~ "*microblaze*#0" && bscan=="USER2" }
loadhw -hw C:/Users/bmg32/ECE_385_lab6_2/ECE_385_lab6_2.sdk/mb_usb_hdmi_top/export/mb_usb_hdmi_top/hw/mb_usb_hdmi_top.xsa -regs
configparams mdm-detect-bscan-mask 2
targets -set -nocase -filter {name =~ "*microblaze*#0" && bscan=="USER2" }
rst -system
after 3000
targets -set -nocase -filter {name =~ "*microblaze*#0" && bscan=="USER2" }
dow C:/Users/bmg32/ECE_385_lab6_2/ECE_385_lab6_2.sdk/ECE_385_lab6_2_vitis/Debug/ECE_385_lab6_2_vitis.elf
----------------End of Script----------------

15:41:52 INFO  : Context for processor 'microblaze_0' is selected.
15:41:52 INFO  : 'con' command is executed.
15:41:52 INFO  : ----------------XSDB Script (After Launch)----------------
targets -set -nocase -filter {name =~ "*microblaze*#0" && bscan=="USER2" }
con
----------------End of Script----------------

15:41:52 INFO  : Disconnected from the channel tcfchan#36.
15:54:53 INFO  : Hardware specification for platform project 'mb_usb_hdmi_top' is updated.
15:55:03 INFO  : Result from executing command 'removePlatformRepo': 
15:55:11 INFO  : Result from executing command 'getProjects': mb_usb_hdmi_top
15:55:11 INFO  : Result from executing command 'getPlatforms': xilinx_vck190_base_202220_1|C:/Xilinx/Vitis/2022.2/base_platforms/xilinx_vck190_base_202220_1/xilinx_vck190_base_202220_1.xpfm;xilinx_vck190_base_dfx_202220_1|C:/Xilinx/Vitis/2022.2/base_platforms/xilinx_vck190_base_dfx_202220_1/xilinx_vck190_base_dfx_202220_1.xpfm;xilinx_vmk180_base_202220_1|C:/Xilinx/Vitis/2022.2/base_platforms/xilinx_vmk180_base_202220_1/xilinx_vmk180_base_202220_1.xpfm;xilinx_zcu102_base_202220_1|C:/Xilinx/Vitis/2022.2/base_platforms/xilinx_zcu102_base_202220_1/xilinx_zcu102_base_202220_1.xpfm;xilinx_zcu102_base_dfx_202220_1|C:/Xilinx/Vitis/2022.2/base_platforms/xilinx_zcu102_base_dfx_202220_1/xilinx_zcu102_base_dfx_202220_1.xpfm;xilinx_zcu104_base_202220_1|C:/Xilinx/Vitis/2022.2/base_platforms/xilinx_zcu104_base_202220_1/xilinx_zcu104_base_202220_1.xpfm
15:55:11 INFO  : Checking for BSP changes to sync application flags for project 'ECE_385_lab6_2_vitis'...
15:55:14 INFO  : The hardware specification used by project 'ECE_385_lab6_2_vitis' is out of sync with the platform. Resource files extracted from the hardware specification will be updated.
15:55:14 INFO  : The file 'C:\Users\bmg32\ECE_385_lab6_2\ECE_385_lab6_2.sdk\ECE_385_lab6_2_vitis\_ide\bitstream\mb_usb_hdmi_top.bit' stored in project is removed.
15:55:14 INFO  : The file 'C:\Users\bmg32\ECE_385_lab6_2\ECE_385_lab6_2.sdk\ECE_385_lab6_2_vitis\_ide\bitstream\mb_usb_hdmi_top.mmi' stored in project is removed.
15:55:14 INFO  : The updated bitstream files are copied from platform to folder 'C:\Users\bmg32\ECE_385_lab6_2\ECE_385_lab6_2.sdk\ECE_385_lab6_2_vitis\_ide\bitstream' in project 'ECE_385_lab6_2_vitis'.
15:55:34 INFO  : Connected to target on host '127.0.0.1' and port '3121'.
15:55:34 INFO  : Jtag cable 'RealDigital Boo 887100000002A' is selected.
15:55:34 INFO  : 'jtag frequency' command is executed.
15:55:34 INFO  : 'targets -set -filter {jtag_cable_name =~ "RealDigital Boo 887100000002A" && level==0 && jtag_device_ctx=="jsn1-0362f093-0"}' command is executed.
15:55:36 INFO  : Device configured successfully with "C:/Users/bmg32/ECE_385_lab6_2/ECE_385_lab6_2.sdk/ECE_385_lab6_2_vitis/_ide/bitstream/mb_usb_hdmi_top.bit"
15:55:36 INFO  : Context for processor 'microblaze_0' is selected.
15:55:36 INFO  : Hardware design and registers information is loaded from 'C:/Users/bmg32/ECE_385_lab6_2/ECE_385_lab6_2.sdk/mb_usb_hdmi_top/export/mb_usb_hdmi_top/hw/mb_usb_hdmi_top.xsa'.
15:55:36 INFO  : 'configparams mdm-detect-bscan-mask 2' command is executed.
15:55:36 INFO  : Context for processor 'microblaze_0' is selected.
15:55:36 INFO  : System reset is completed.
15:55:39 INFO  : 'after 3000' command is executed.
15:55:39 INFO  : Context for processor 'microblaze_0' is selected.
15:55:39 INFO  : The application 'C:/Users/bmg32/ECE_385_lab6_2/ECE_385_lab6_2.sdk/ECE_385_lab6_2_vitis/Debug/ECE_385_lab6_2_vitis.elf' is downloaded to processor 'microblaze_0'.
15:55:39 INFO  : ----------------XSDB Script----------------
connect -url tcp:127.0.0.1:3121
targets -set -filter {jtag_cable_name =~ "RealDigital Boo 887100000002A" && level==0 && jtag_device_ctx=="jsn1-0362f093-0"}
fpga -file C:/Users/bmg32/ECE_385_lab6_2/ECE_385_lab6_2.sdk/ECE_385_lab6_2_vitis/_ide/bitstream/mb_usb_hdmi_top.bit
targets -set -nocase -filter {name =~ "*microblaze*#0" && bscan=="USER2" }
loadhw -hw C:/Users/bmg32/ECE_385_lab6_2/ECE_385_lab6_2.sdk/mb_usb_hdmi_top/export/mb_usb_hdmi_top/hw/mb_usb_hdmi_top.xsa -regs
configparams mdm-detect-bscan-mask 2
targets -set -nocase -filter {name =~ "*microblaze*#0" && bscan=="USER2" }
rst -system
after 3000
targets -set -nocase -filter {name =~ "*microblaze*#0" && bscan=="USER2" }
dow C:/Users/bmg32/ECE_385_lab6_2/ECE_385_lab6_2.sdk/ECE_385_lab6_2_vitis/Debug/ECE_385_lab6_2_vitis.elf
----------------End of Script----------------

15:55:39 INFO  : Context for processor 'microblaze_0' is selected.
15:55:39 INFO  : 'con' command is executed.
15:55:39 INFO  : ----------------XSDB Script (After Launch)----------------
targets -set -nocase -filter {name =~ "*microblaze*#0" && bscan=="USER2" }
con
----------------End of Script----------------

15:55:39 INFO  : Disconnected from the channel tcfchan#39.
16:01:16 INFO  : Hardware specification for platform project 'mb_usb_hdmi_top' is updated.
16:01:29 INFO  : Result from executing command 'removePlatformRepo': 
16:01:38 INFO  : Result from executing command 'getProjects': mb_usb_hdmi_top
16:01:38 INFO  : Result from executing command 'getPlatforms': xilinx_vck190_base_202220_1|C:/Xilinx/Vitis/2022.2/base_platforms/xilinx_vck190_base_202220_1/xilinx_vck190_base_202220_1.xpfm;xilinx_vck190_base_dfx_202220_1|C:/Xilinx/Vitis/2022.2/base_platforms/xilinx_vck190_base_dfx_202220_1/xilinx_vck190_base_dfx_202220_1.xpfm;xilinx_vmk180_base_202220_1|C:/Xilinx/Vitis/2022.2/base_platforms/xilinx_vmk180_base_202220_1/xilinx_vmk180_base_202220_1.xpfm;xilinx_zcu102_base_202220_1|C:/Xilinx/Vitis/2022.2/base_platforms/xilinx_zcu102_base_202220_1/xilinx_zcu102_base_202220_1.xpfm;xilinx_zcu102_base_dfx_202220_1|C:/Xilinx/Vitis/2022.2/base_platforms/xilinx_zcu102_base_dfx_202220_1/xilinx_zcu102_base_dfx_202220_1.xpfm;xilinx_zcu104_base_202220_1|C:/Xilinx/Vitis/2022.2/base_platforms/xilinx_zcu104_base_202220_1/xilinx_zcu104_base_202220_1.xpfm
16:01:38 INFO  : Checking for BSP changes to sync application flags for project 'ECE_385_lab6_2_vitis'...
16:01:41 INFO  : The hardware specification used by project 'ECE_385_lab6_2_vitis' is out of sync with the platform. Resource files extracted from the hardware specification will be updated.
16:01:41 INFO  : The file 'C:\Users\bmg32\ECE_385_lab6_2\ECE_385_lab6_2.sdk\ECE_385_lab6_2_vitis\_ide\bitstream\mb_usb_hdmi_top.bit' stored in project is removed.
16:01:41 INFO  : The file 'C:\Users\bmg32\ECE_385_lab6_2\ECE_385_lab6_2.sdk\ECE_385_lab6_2_vitis\_ide\bitstream\mb_usb_hdmi_top.mmi' stored in project is removed.
16:01:41 INFO  : The updated bitstream files are copied from platform to folder 'C:\Users\bmg32\ECE_385_lab6_2\ECE_385_lab6_2.sdk\ECE_385_lab6_2_vitis\_ide\bitstream' in project 'ECE_385_lab6_2_vitis'.
16:01:46 INFO  : Connected to target on host '127.0.0.1' and port '3121'.
16:01:46 INFO  : Jtag cable 'RealDigital Boo 887100000002A' is selected.
16:01:46 INFO  : 'jtag frequency' command is executed.
16:01:46 INFO  : 'targets -set -filter {jtag_cable_name =~ "RealDigital Boo 887100000002A" && level==0 && jtag_device_ctx=="jsn1-0362f093-0"}' command is executed.
16:01:47 INFO  : Device configured successfully with "C:/Users/bmg32/ECE_385_lab6_2/ECE_385_lab6_2.sdk/ECE_385_lab6_2_vitis/_ide/bitstream/mb_usb_hdmi_top.bit"
16:01:47 INFO  : Context for processor 'microblaze_0' is selected.
16:01:47 INFO  : Hardware design and registers information is loaded from 'C:/Users/bmg32/ECE_385_lab6_2/ECE_385_lab6_2.sdk/mb_usb_hdmi_top/export/mb_usb_hdmi_top/hw/mb_usb_hdmi_top.xsa'.
16:01:47 INFO  : 'configparams mdm-detect-bscan-mask 2' command is executed.
16:01:47 INFO  : Context for processor 'microblaze_0' is selected.
16:01:47 INFO  : System reset is completed.
16:01:50 INFO  : 'after 3000' command is executed.
16:01:50 INFO  : Context for processor 'microblaze_0' is selected.
16:01:51 INFO  : The application 'C:/Users/bmg32/ECE_385_lab6_2/ECE_385_lab6_2.sdk/ECE_385_lab6_2_vitis/Debug/ECE_385_lab6_2_vitis.elf' is downloaded to processor 'microblaze_0'.
16:01:51 INFO  : ----------------XSDB Script----------------
connect -url tcp:127.0.0.1:3121
targets -set -filter {jtag_cable_name =~ "RealDigital Boo 887100000002A" && level==0 && jtag_device_ctx=="jsn1-0362f093-0"}
fpga -file C:/Users/bmg32/ECE_385_lab6_2/ECE_385_lab6_2.sdk/ECE_385_lab6_2_vitis/_ide/bitstream/mb_usb_hdmi_top.bit
targets -set -nocase -filter {name =~ "*microblaze*#0" && bscan=="USER2" }
loadhw -hw C:/Users/bmg32/ECE_385_lab6_2/ECE_385_lab6_2.sdk/mb_usb_hdmi_top/export/mb_usb_hdmi_top/hw/mb_usb_hdmi_top.xsa -regs
configparams mdm-detect-bscan-mask 2
targets -set -nocase -filter {name =~ "*microblaze*#0" && bscan=="USER2" }
rst -system
after 3000
targets -set -nocase -filter {name =~ "*microblaze*#0" && bscan=="USER2" }
dow C:/Users/bmg32/ECE_385_lab6_2/ECE_385_lab6_2.sdk/ECE_385_lab6_2_vitis/Debug/ECE_385_lab6_2_vitis.elf
----------------End of Script----------------

16:01:51 INFO  : Context for processor 'microblaze_0' is selected.
16:01:51 INFO  : 'con' command is executed.
16:01:51 INFO  : ----------------XSDB Script (After Launch)----------------
targets -set -nocase -filter {name =~ "*microblaze*#0" && bscan=="USER2" }
con
----------------End of Script----------------

16:01:51 INFO  : Disconnected from the channel tcfchan#42.
16:02:33 INFO  : Connected to target on host '127.0.0.1' and port '3121'.
16:02:33 INFO  : Jtag cable 'RealDigital Boo 887100000002A' is selected.
16:02:33 INFO  : 'jtag frequency' command is executed.
16:02:34 INFO  : 'targets -set -filter {jtag_cable_name =~ "RealDigital Boo 887100000002A" && level==0 && jtag_device_ctx=="jsn1-0362f093-0"}' command is executed.
16:02:35 INFO  : Device configured successfully with "C:/Users/bmg32/ECE_385_lab6_2/ECE_385_lab6_2.sdk/ECE_385_lab6_2_vitis/_ide/bitstream/mb_usb_hdmi_top.bit"
16:02:35 INFO  : Context for processor 'microblaze_0' is selected.
16:02:35 INFO  : Hardware design and registers information is loaded from 'C:/Users/bmg32/ECE_385_lab6_2/ECE_385_lab6_2.sdk/mb_usb_hdmi_top/export/mb_usb_hdmi_top/hw/mb_usb_hdmi_top.xsa'.
16:02:35 INFO  : 'configparams mdm-detect-bscan-mask 2' command is executed.
16:02:35 INFO  : Context for processor 'microblaze_0' is selected.
16:02:35 INFO  : System reset is completed.
16:02:38 INFO  : 'after 3000' command is executed.
16:02:38 INFO  : Context for processor 'microblaze_0' is selected.
16:02:38 INFO  : The application 'C:/Users/bmg32/ECE_385_lab6_2/ECE_385_lab6_2.sdk/ECE_385_lab6_2_vitis/Debug/ECE_385_lab6_2_vitis.elf' is downloaded to processor 'microblaze_0'.
16:02:38 INFO  : ----------------XSDB Script----------------
connect -url tcp:127.0.0.1:3121
targets -set -filter {jtag_cable_name =~ "RealDigital Boo 887100000002A" && level==0 && jtag_device_ctx=="jsn1-0362f093-0"}
fpga -file C:/Users/bmg32/ECE_385_lab6_2/ECE_385_lab6_2.sdk/ECE_385_lab6_2_vitis/_ide/bitstream/mb_usb_hdmi_top.bit
targets -set -nocase -filter {name =~ "*microblaze*#0" && bscan=="USER2" }
loadhw -hw C:/Users/bmg32/ECE_385_lab6_2/ECE_385_lab6_2.sdk/mb_usb_hdmi_top/export/mb_usb_hdmi_top/hw/mb_usb_hdmi_top.xsa -regs
configparams mdm-detect-bscan-mask 2
targets -set -nocase -filter {name =~ "*microblaze*#0" && bscan=="USER2" }
rst -system
after 3000
targets -set -nocase -filter {name =~ "*microblaze*#0" && bscan=="USER2" }
dow C:/Users/bmg32/ECE_385_lab6_2/ECE_385_lab6_2.sdk/ECE_385_lab6_2_vitis/Debug/ECE_385_lab6_2_vitis.elf
----------------End of Script----------------

16:02:38 INFO  : Context for processor 'microblaze_0' is selected.
16:02:38 INFO  : 'con' command is executed.
16:02:38 INFO  : ----------------XSDB Script (After Launch)----------------
targets -set -nocase -filter {name =~ "*microblaze*#0" && bscan=="USER2" }
con
----------------End of Script----------------

16:02:38 INFO  : Disconnected from the channel tcfchan#43.
16:08:11 INFO  : Hardware specification for platform project 'mb_usb_hdmi_top' is updated.
16:08:27 INFO  : Result from executing command 'removePlatformRepo': 
16:08:35 INFO  : Result from executing command 'getProjects': mb_usb_hdmi_top
16:08:35 INFO  : Result from executing command 'getPlatforms': xilinx_vck190_base_202220_1|C:/Xilinx/Vitis/2022.2/base_platforms/xilinx_vck190_base_202220_1/xilinx_vck190_base_202220_1.xpfm;xilinx_vck190_base_dfx_202220_1|C:/Xilinx/Vitis/2022.2/base_platforms/xilinx_vck190_base_dfx_202220_1/xilinx_vck190_base_dfx_202220_1.xpfm;xilinx_vmk180_base_202220_1|C:/Xilinx/Vitis/2022.2/base_platforms/xilinx_vmk180_base_202220_1/xilinx_vmk180_base_202220_1.xpfm;xilinx_zcu102_base_202220_1|C:/Xilinx/Vitis/2022.2/base_platforms/xilinx_zcu102_base_202220_1/xilinx_zcu102_base_202220_1.xpfm;xilinx_zcu102_base_dfx_202220_1|C:/Xilinx/Vitis/2022.2/base_platforms/xilinx_zcu102_base_dfx_202220_1/xilinx_zcu102_base_dfx_202220_1.xpfm;xilinx_zcu104_base_202220_1|C:/Xilinx/Vitis/2022.2/base_platforms/xilinx_zcu104_base_202220_1/xilinx_zcu104_base_202220_1.xpfm
16:08:36 INFO  : Checking for BSP changes to sync application flags for project 'ECE_385_lab6_2_vitis'...
16:08:39 INFO  : The hardware specification used by project 'ECE_385_lab6_2_vitis' is out of sync with the platform. Resource files extracted from the hardware specification will be updated.
16:08:39 INFO  : The file 'C:\Users\bmg32\ECE_385_lab6_2\ECE_385_lab6_2.sdk\ECE_385_lab6_2_vitis\_ide\bitstream\mb_usb_hdmi_top.bit' stored in project is removed.
16:08:39 INFO  : The file 'C:\Users\bmg32\ECE_385_lab6_2\ECE_385_lab6_2.sdk\ECE_385_lab6_2_vitis\_ide\bitstream\mb_usb_hdmi_top.mmi' stored in project is removed.
16:08:39 INFO  : The updated bitstream files are copied from platform to folder 'C:\Users\bmg32\ECE_385_lab6_2\ECE_385_lab6_2.sdk\ECE_385_lab6_2_vitis\_ide\bitstream' in project 'ECE_385_lab6_2_vitis'.
16:08:55 INFO  : Connected to target on host '127.0.0.1' and port '3121'.
16:08:55 INFO  : Jtag cable 'RealDigital Boo 887100000002A' is selected.
16:08:55 INFO  : 'jtag frequency' command is executed.
16:08:55 INFO  : 'targets -set -filter {jtag_cable_name =~ "RealDigital Boo 887100000002A" && level==0 && jtag_device_ctx=="jsn1-0362f093-0"}' command is executed.
16:08:56 INFO  : Device configured successfully with "C:/Users/bmg32/ECE_385_lab6_2/ECE_385_lab6_2.sdk/ECE_385_lab6_2_vitis/_ide/bitstream/mb_usb_hdmi_top.bit"
16:08:56 INFO  : Context for processor 'microblaze_0' is selected.
16:08:56 INFO  : Hardware design and registers information is loaded from 'C:/Users/bmg32/ECE_385_lab6_2/ECE_385_lab6_2.sdk/mb_usb_hdmi_top/export/mb_usb_hdmi_top/hw/mb_usb_hdmi_top.xsa'.
16:08:57 INFO  : 'configparams mdm-detect-bscan-mask 2' command is executed.
16:08:57 INFO  : Context for processor 'microblaze_0' is selected.
16:08:57 INFO  : System reset is completed.
16:09:00 INFO  : 'after 3000' command is executed.
16:09:00 INFO  : Context for processor 'microblaze_0' is selected.
16:09:00 INFO  : The application 'C:/Users/bmg32/ECE_385_lab6_2/ECE_385_lab6_2.sdk/ECE_385_lab6_2_vitis/Debug/ECE_385_lab6_2_vitis.elf' is downloaded to processor 'microblaze_0'.
16:09:00 INFO  : ----------------XSDB Script----------------
connect -url tcp:127.0.0.1:3121
targets -set -filter {jtag_cable_name =~ "RealDigital Boo 887100000002A" && level==0 && jtag_device_ctx=="jsn1-0362f093-0"}
fpga -file C:/Users/bmg32/ECE_385_lab6_2/ECE_385_lab6_2.sdk/ECE_385_lab6_2_vitis/_ide/bitstream/mb_usb_hdmi_top.bit
targets -set -nocase -filter {name =~ "*microblaze*#0" && bscan=="USER2" }
loadhw -hw C:/Users/bmg32/ECE_385_lab6_2/ECE_385_lab6_2.sdk/mb_usb_hdmi_top/export/mb_usb_hdmi_top/hw/mb_usb_hdmi_top.xsa -regs
configparams mdm-detect-bscan-mask 2
targets -set -nocase -filter {name =~ "*microblaze*#0" && bscan=="USER2" }
rst -system
after 3000
targets -set -nocase -filter {name =~ "*microblaze*#0" && bscan=="USER2" }
dow C:/Users/bmg32/ECE_385_lab6_2/ECE_385_lab6_2.sdk/ECE_385_lab6_2_vitis/Debug/ECE_385_lab6_2_vitis.elf
----------------End of Script----------------

16:09:00 INFO  : Context for processor 'microblaze_0' is selected.
16:09:00 INFO  : 'con' command is executed.
16:09:00 INFO  : ----------------XSDB Script (After Launch)----------------
targets -set -nocase -filter {name =~ "*microblaze*#0" && bscan=="USER2" }
con
----------------End of Script----------------

16:09:00 INFO  : Disconnected from the channel tcfchan#46.
16:13:47 INFO  : Hardware specification for platform project 'mb_usb_hdmi_top' is updated.
16:13:59 INFO  : Result from executing command 'removePlatformRepo': 
16:14:07 INFO  : Result from executing command 'getProjects': mb_usb_hdmi_top
16:14:07 INFO  : Result from executing command 'getPlatforms': xilinx_vck190_base_202220_1|C:/Xilinx/Vitis/2022.2/base_platforms/xilinx_vck190_base_202220_1/xilinx_vck190_base_202220_1.xpfm;xilinx_vck190_base_dfx_202220_1|C:/Xilinx/Vitis/2022.2/base_platforms/xilinx_vck190_base_dfx_202220_1/xilinx_vck190_base_dfx_202220_1.xpfm;xilinx_vmk180_base_202220_1|C:/Xilinx/Vitis/2022.2/base_platforms/xilinx_vmk180_base_202220_1/xilinx_vmk180_base_202220_1.xpfm;xilinx_zcu102_base_202220_1|C:/Xilinx/Vitis/2022.2/base_platforms/xilinx_zcu102_base_202220_1/xilinx_zcu102_base_202220_1.xpfm;xilinx_zcu102_base_dfx_202220_1|C:/Xilinx/Vitis/2022.2/base_platforms/xilinx_zcu102_base_dfx_202220_1/xilinx_zcu102_base_dfx_202220_1.xpfm;xilinx_zcu104_base_202220_1|C:/Xilinx/Vitis/2022.2/base_platforms/xilinx_zcu104_base_202220_1/xilinx_zcu104_base_202220_1.xpfm
16:14:08 INFO  : Checking for BSP changes to sync application flags for project 'ECE_385_lab6_2_vitis'...
16:14:11 INFO  : The hardware specification used by project 'ECE_385_lab6_2_vitis' is out of sync with the platform. Resource files extracted from the hardware specification will be updated.
16:14:11 INFO  : The file 'C:\Users\bmg32\ECE_385_lab6_2\ECE_385_lab6_2.sdk\ECE_385_lab6_2_vitis\_ide\bitstream\mb_usb_hdmi_top.bit' stored in project is removed.
16:14:11 INFO  : The file 'C:\Users\bmg32\ECE_385_lab6_2\ECE_385_lab6_2.sdk\ECE_385_lab6_2_vitis\_ide\bitstream\mb_usb_hdmi_top.mmi' stored in project is removed.
16:14:11 INFO  : The updated bitstream files are copied from platform to folder 'C:\Users\bmg32\ECE_385_lab6_2\ECE_385_lab6_2.sdk\ECE_385_lab6_2_vitis\_ide\bitstream' in project 'ECE_385_lab6_2_vitis'.
16:14:15 INFO  : Connected to target on host '127.0.0.1' and port '3121'.
16:14:15 INFO  : Jtag cable 'RealDigital Boo 887100000002A' is selected.
16:14:15 INFO  : 'jtag frequency' command is executed.
16:14:15 INFO  : 'targets -set -filter {jtag_cable_name =~ "RealDigital Boo 887100000002A" && level==0 && jtag_device_ctx=="jsn1-0362f093-0"}' command is executed.
16:14:17 INFO  : Device configured successfully with "C:/Users/bmg32/ECE_385_lab6_2/ECE_385_lab6_2.sdk/ECE_385_lab6_2_vitis/_ide/bitstream/mb_usb_hdmi_top.bit"
16:14:17 INFO  : Context for processor 'microblaze_0' is selected.
16:14:17 INFO  : Hardware design and registers information is loaded from 'C:/Users/bmg32/ECE_385_lab6_2/ECE_385_lab6_2.sdk/mb_usb_hdmi_top/export/mb_usb_hdmi_top/hw/mb_usb_hdmi_top.xsa'.
16:14:17 INFO  : 'configparams mdm-detect-bscan-mask 2' command is executed.
16:14:17 INFO  : Context for processor 'microblaze_0' is selected.
16:14:17 INFO  : System reset is completed.
16:14:20 INFO  : 'after 3000' command is executed.
16:14:20 INFO  : Context for processor 'microblaze_0' is selected.
16:14:20 INFO  : The application 'C:/Users/bmg32/ECE_385_lab6_2/ECE_385_lab6_2.sdk/ECE_385_lab6_2_vitis/Debug/ECE_385_lab6_2_vitis.elf' is downloaded to processor 'microblaze_0'.
16:14:20 INFO  : ----------------XSDB Script----------------
connect -url tcp:127.0.0.1:3121
targets -set -filter {jtag_cable_name =~ "RealDigital Boo 887100000002A" && level==0 && jtag_device_ctx=="jsn1-0362f093-0"}
fpga -file C:/Users/bmg32/ECE_385_lab6_2/ECE_385_lab6_2.sdk/ECE_385_lab6_2_vitis/_ide/bitstream/mb_usb_hdmi_top.bit
targets -set -nocase -filter {name =~ "*microblaze*#0" && bscan=="USER2" }
loadhw -hw C:/Users/bmg32/ECE_385_lab6_2/ECE_385_lab6_2.sdk/mb_usb_hdmi_top/export/mb_usb_hdmi_top/hw/mb_usb_hdmi_top.xsa -regs
configparams mdm-detect-bscan-mask 2
targets -set -nocase -filter {name =~ "*microblaze*#0" && bscan=="USER2" }
rst -system
after 3000
targets -set -nocase -filter {name =~ "*microblaze*#0" && bscan=="USER2" }
dow C:/Users/bmg32/ECE_385_lab6_2/ECE_385_lab6_2.sdk/ECE_385_lab6_2_vitis/Debug/ECE_385_lab6_2_vitis.elf
----------------End of Script----------------

16:14:20 INFO  : Context for processor 'microblaze_0' is selected.
16:14:20 INFO  : 'con' command is executed.
16:14:20 INFO  : ----------------XSDB Script (After Launch)----------------
targets -set -nocase -filter {name =~ "*microblaze*#0" && bscan=="USER2" }
con
----------------End of Script----------------

16:14:20 INFO  : Disconnected from the channel tcfchan#49.
16:28:37 INFO  : Hardware specification for platform project 'mb_usb_hdmi_top' is updated.
16:28:54 INFO  : Result from executing command 'removePlatformRepo': 
16:29:02 INFO  : Result from executing command 'getProjects': mb_usb_hdmi_top
16:29:02 INFO  : Result from executing command 'getPlatforms': xilinx_vck190_base_202220_1|C:/Xilinx/Vitis/2022.2/base_platforms/xilinx_vck190_base_202220_1/xilinx_vck190_base_202220_1.xpfm;xilinx_vck190_base_dfx_202220_1|C:/Xilinx/Vitis/2022.2/base_platforms/xilinx_vck190_base_dfx_202220_1/xilinx_vck190_base_dfx_202220_1.xpfm;xilinx_vmk180_base_202220_1|C:/Xilinx/Vitis/2022.2/base_platforms/xilinx_vmk180_base_202220_1/xilinx_vmk180_base_202220_1.xpfm;xilinx_zcu102_base_202220_1|C:/Xilinx/Vitis/2022.2/base_platforms/xilinx_zcu102_base_202220_1/xilinx_zcu102_base_202220_1.xpfm;xilinx_zcu102_base_dfx_202220_1|C:/Xilinx/Vitis/2022.2/base_platforms/xilinx_zcu102_base_dfx_202220_1/xilinx_zcu102_base_dfx_202220_1.xpfm;xilinx_zcu104_base_202220_1|C:/Xilinx/Vitis/2022.2/base_platforms/xilinx_zcu104_base_202220_1/xilinx_zcu104_base_202220_1.xpfm
16:29:03 INFO  : Checking for BSP changes to sync application flags for project 'ECE_385_lab6_2_vitis'...
16:29:05 INFO  : The hardware specification used by project 'ECE_385_lab6_2_vitis' is out of sync with the platform. Resource files extracted from the hardware specification will be updated.
16:29:05 INFO  : The file 'C:\Users\bmg32\ECE_385_lab6_2\ECE_385_lab6_2.sdk\ECE_385_lab6_2_vitis\_ide\bitstream\mb_usb_hdmi_top.bit' stored in project is removed.
16:29:05 INFO  : The file 'C:\Users\bmg32\ECE_385_lab6_2\ECE_385_lab6_2.sdk\ECE_385_lab6_2_vitis\_ide\bitstream\mb_usb_hdmi_top.mmi' stored in project is removed.
16:29:05 INFO  : The updated bitstream files are copied from platform to folder 'C:\Users\bmg32\ECE_385_lab6_2\ECE_385_lab6_2.sdk\ECE_385_lab6_2_vitis\_ide\bitstream' in project 'ECE_385_lab6_2_vitis'.
16:29:13 INFO  : Checking for BSP changes to sync application flags for project 'ECE_385_lab6_2_vitis'...
16:29:26 INFO  : Connected to target on host '127.0.0.1' and port '3121'.
16:29:26 INFO  : Jtag cable 'RealDigital Boo 887100000002A' is selected.
16:29:26 INFO  : 'jtag frequency' command is executed.
16:29:26 INFO  : 'targets -set -filter {jtag_cable_name =~ "RealDigital Boo 887100000002A" && level==0 && jtag_device_ctx=="jsn1-0362f093-0"}' command is executed.
16:29:27 INFO  : Device configured successfully with "C:/Users/bmg32/ECE_385_lab6_2/ECE_385_lab6_2.sdk/ECE_385_lab6_2_vitis/_ide/bitstream/mb_usb_hdmi_top.bit"
16:29:27 INFO  : Context for processor 'microblaze_0' is selected.
16:29:27 INFO  : Hardware design and registers information is loaded from 'C:/Users/bmg32/ECE_385_lab6_2/ECE_385_lab6_2.sdk/mb_usb_hdmi_top/export/mb_usb_hdmi_top/hw/mb_usb_hdmi_top.xsa'.
16:29:27 INFO  : 'configparams mdm-detect-bscan-mask 2' command is executed.
16:29:27 INFO  : Context for processor 'microblaze_0' is selected.
16:29:27 INFO  : System reset is completed.
16:29:30 INFO  : 'after 3000' command is executed.
16:29:31 INFO  : Context for processor 'microblaze_0' is selected.
16:29:31 INFO  : The application 'C:/Users/bmg32/ECE_385_lab6_2/ECE_385_lab6_2.sdk/ECE_385_lab6_2_vitis/Debug/ECE_385_lab6_2_vitis.elf' is downloaded to processor 'microblaze_0'.
16:29:31 INFO  : ----------------XSDB Script----------------
connect -url tcp:127.0.0.1:3121
targets -set -filter {jtag_cable_name =~ "RealDigital Boo 887100000002A" && level==0 && jtag_device_ctx=="jsn1-0362f093-0"}
fpga -file C:/Users/bmg32/ECE_385_lab6_2/ECE_385_lab6_2.sdk/ECE_385_lab6_2_vitis/_ide/bitstream/mb_usb_hdmi_top.bit
targets -set -nocase -filter {name =~ "*microblaze*#0" && bscan=="USER2" }
loadhw -hw C:/Users/bmg32/ECE_385_lab6_2/ECE_385_lab6_2.sdk/mb_usb_hdmi_top/export/mb_usb_hdmi_top/hw/mb_usb_hdmi_top.xsa -regs
configparams mdm-detect-bscan-mask 2
targets -set -nocase -filter {name =~ "*microblaze*#0" && bscan=="USER2" }
rst -system
after 3000
targets -set -nocase -filter {name =~ "*microblaze*#0" && bscan=="USER2" }
dow C:/Users/bmg32/ECE_385_lab6_2/ECE_385_lab6_2.sdk/ECE_385_lab6_2_vitis/Debug/ECE_385_lab6_2_vitis.elf
----------------End of Script----------------

16:29:31 INFO  : Context for processor 'microblaze_0' is selected.
16:29:31 INFO  : 'con' command is executed.
16:29:31 INFO  : ----------------XSDB Script (After Launch)----------------
targets -set -nocase -filter {name =~ "*microblaze*#0" && bscan=="USER2" }
con
----------------End of Script----------------

16:29:31 INFO  : Disconnected from the channel tcfchan#52.
